-- phpMyAdmin SQL Dump
-- version 4.9.2
-- https://www.phpmyadmin.net/
--
-- Host: 127.0.0.1
-- Waktu pembuatan: 06 Jul 2021 pada 14.26
-- Versi server: 10.4.10-MariaDB
-- Versi PHP: 7.3.12

SET SQL_MODE = "NO_AUTO_VALUE_ON_ZERO";
SET AUTOCOMMIT = 0;
START TRANSACTION;
SET time_zone = "+00:00";


/*!40101 SET @OLD_CHARACTER_SET_CLIENT=@@CHARACTER_SET_CLIENT */;
/*!40101 SET @OLD_CHARACTER_SET_RESULTS=@@CHARACTER_SET_RESULTS */;
/*!40101 SET @OLD_COLLATION_CONNECTION=@@COLLATION_CONNECTION */;
/*!40101 SET NAMES utf8mb4 */;

--
-- Database: `spk_ulfa`
--

-- --------------------------------------------------------

--
-- Struktur dari tabel `alternative`
--

CREATE TABLE `alternative` (
  `id` int(11) NOT NULL,
  `alternative_code` varchar(100) DEFAULT NULL,
  `alternative_name` varchar(100) DEFAULT NULL,
  `address` text DEFAULT NULL,
  `latitude` double(18,6) DEFAULT NULL,
  `longitude` double(18,6) DEFAULT NULL,
  `email` varchar(100) DEFAULT NULL,
  `voice_number` varchar(30) DEFAULT NULL,
  `description` text DEFAULT NULL,
  `image` varchar(50) DEFAULT NULL,
  `accreditation` varchar(3) DEFAULT NULL,
  `age` int(11) DEFAULT NULL,
  `spp_cost` bigint(20) DEFAULT NULL,
  `entry_fee` bigint(20) DEFAULT NULL,
  `distance` float DEFAULT 0,
  `status` tinyint(2) DEFAULT 1,
  `requirement_document_description` text DEFAULT NULL,
  `location_document_description` text DEFAULT NULL,
  `accessibility_document_description` text DEFAULT NULL
) ENGINE=InnoDB DEFAULT CHARSET=utf8mb4;

--
-- Dumping data untuk tabel `alternative`
--

INSERT INTO `alternative` (`id`, `alternative_code`, `alternative_name`, `address`, `latitude`, `longitude`, `email`, `voice_number`, `description`, `image`, `accreditation`, `age`, `spp_cost`, `entry_fee`, `distance`, `status`, `requirement_document_description`, `location_document_description`, `accessibility_document_description`) VALUES
(23, 'A1', 'SMA SRIJAYA NEGARA PALEMBANG', 'Jl. Ogan Komp FKIP UNSRI, Bukit Lama, Kec. Ilir Barat I, Kota Palembang Prov. Sumatera Selatan', -2.986183, 104.728723, 'srijaya@school.com', '0711-363095', 'SMA Srijaya Negara merupakan Mitra Utama FKIP Unsri dikelola oleh Badan Yayasan Srijaya Negara. Para tenaga pendidik di SMA Srijaya Negara ini sebagian besar merupakan para alumni FKIP Unsri, 60% diantaranya berpendidikan S2. SMA Srijaya Negara telah memberlakukan jam nol, siswa dan guru hadir disekolah pukul 06.40 WIB untuk tadarus Al-Qur’an bersama-sama. Siswa mendapatkan pelajaran tambahan pukul 14.00 WIB s.d. 16.45 WIB untuk hari Senin, Selasa, dan Rabu (Kelas Plus).', '60912fb6ab76a.jpg', 'A', 51, 250000, 1800000, NULL, 1, '', '', 'Aksesibilitas SMA Srijaya negara terdapat halte trans musi yang berjarak 190m dan sekitar 100m terdapat angkutan umum tujuan bukit-ampera yang melintas.'),
(24, 'A2', 'SMA ETHIKA PALEMBANG', 'Jl. Sei Seputih No.3264 Plg, Demang Lebar Daun, Kec. Ilir Barat I, Kota Palembang Prov. Sumatera Selatan', -2.963735, 104.733462, 'ethika@sch.co.id', '0711-410248', 'SMA Ethika adalah sekolah menengah atas yang didirikan pada tahun 1990/1991. Dan tahun 1996 SMA Ethika merubah status terdaftar menjadi Diakui sampai dengan sekarang. Jumlah siswa sampai saat ini mencapai 476 yang berada di 12 kelas dengan jumlah guru mencapai 55 Orang. Awal berdiri SMA Ethika pada tahun 1990-1994 dipimpin oleh kepala sekolah Drs. Muhril Alfi. Dan selanjutnya pada tahun 1995 sampai sekarang dipimpin kepala sekolah Drs. Azhari MM.', '609132d66ec75.jpg', 'B', 31, 150000, 880000, NULL, 1, '', '', 'Aksesibilitas SMA Ethika terdapat halte trans musi yang berada di jalan utama yang berjarak 250m dan stasiun lrt yang berjarak 280m dari sekolah'),
(25, 'A3', 'SMA AZ-ZAHRAH PALEMBANG ', 'Jl. Telaga Komp. Masjid Taqwa Palembang, 30 Ilir, Kec. Ilir Barat Ii, Kota Palembang Prov. Sumatera Selatan', -2.987711, 104.743118, 'smaiazplg@yahoo.com', '0711-355067', '', '609134b97f707.jpg', 'A', 23, 500000, 9210000, NULL, 1, '', '', 'Aksesibilitas SMA Az Zahrah terdapat halte trans musi sekitar 120m dan terdapat angkutan umum di jalan raya sekitar 94m dari sekolah'),
(26, 'A4', 'SMA XAVERIUS 03 PALEMBANG ', 'Jl. Kol Atmo No. 132 Plg, 17 Ilir, Kec. Ilir Timur I, Kota Palembang Prov. Sumatera Selatan', -2.983619, 104.759233, 'humas@smaxaverius3.sch.id', '0711-321158/0711-313082', 'Pada Tahun 1971 SMA Xaverius 1 Puteri pengelolaannya dipercayakan kepada Yayasan Xaverius Pusat. Pada tanggal 18 Januari 1986 seluruh siswanya digabungkan dengan SMA Xaverius 1 Bangau sehingga kapasitas SMA Xaverius 1 Bangau menjadi maksimal. Mengingat daya tamping SMA Xaverius 1 sudah terbatas, sedangkan animo masyarakat terhadap SMA Xaverius begitu besar, Pengurus Yayasan Xaverius Pusat dalam rapatnya tanggal 17 Maret 1987 memutuskan mendirikan SMA Xaverius 3 yang akan beroperasi Tahun Pelajaran 1987/1988. Pada tanggal 30 April 1987 Kantor Wilayah Pendidikan dan Kebudayaan Provinsi Sumatera Selatan memberi izin operasional SMA Xaverius 3 melalui Surat Keputusan No.192/I 114/F.4e/1987 dengan kepala sekolah Drs. Soedadi terhitung 1 Juli 1987.', '60913f46821e7.jpg', 'A', 33, 975000, 13528000, NULL, 1, '', '', 'Aksesibilitas SMA Xaverius 3 terdapat halte trans musi JPO Maraton A sekitar 75m dan angkutan umum yang berada di jalan utama, serta terdapat stasiun lrt cinde sekitar 450m dari sekolah.'),
(35, 'A5', 'SMA BINA KARYA PALEMBANG', 'Jl. Letnan Kasnariyansyah 1200 Plg, 20 Ilir I, Kec. Ilir Timur I, Kota Palembang Prov. Sumatera Selatan', -2.957983, 104.732025, 'smabinakarya@gmail.com', '0711-415192', '', '609140b313698.jpg', 'C', 35, 150000, 1800000, NULL, 1, '', '', 'Aksesibilitas SMA Bina Karya terdapat halte trans musi berada di jalan utama yang berjarak 500m dan stasiun lrt garuda dempo sekitar 500m dari sekolah'),
(36, 'A6', 'SMA KUSUMA BANGSA PALEMBANG ', 'Jl. Residen H. Abdul Rozak Plg, 8 Ilir, Kec. Ilir Timur Ii, Kota Palembang Prov. Sumatera Selatan', -2.949369, 104.776959, 'psb@kumbang.sch.id', '0711-719709/719701', 'SMA Kusuma Bangsa mulai beroperasi pada bulan Juli 2000, sedangkan proses pembangunan gedung sekolah dimulai sejak tahun 1999 s.d. 2000. Berbekal tekad yang kuat dan harus siap bersaing dengan sekolah lain yang sudah mapan, serta tanpa memikirkan risiko kerugian finansial akhirnya dipersiapkanlah segala sesuatu untuk mendirikan sekolah yang bermutu. Persiapan tersebut berupa gedung, tenaga pendidik, tenaga administrasi, dan lain-lain. Semua persiapan akhirnya dilakukan secara maraton dan diselesaikan dalam jangka waktu setahun.\r\nSMA Kusuma Bangsa juga dapat berdiri berkat dukungan orang-orang yang sudah berkecimpung selama puluhan tahun dalam dunia pendidikan, antara lain Bapak A.K.Kinardi (almarhum), Bapak Noersinggih, Bapak F.Penny Effendi dan Bapak Sandhya Jayaprana. Tentunya ada kekhawatiran apakah sekolah ini dapat berjalan dan diminati oleh masyarakat.', '6091423857ad4.jpg', 'A', 21, 2000000, 21220000, NULL, 1, '', '', 'Aksesibilitas SMA Kumbang terdapat halte trans musi yang berjarak 43m dari sekolah'),
(37, 'A7', 'SMA XAVERIUS 04 PALEMBANG', 'Jl. Bangau No. 60/1258 Plg, 9 Ilir, Kec. Ilir Timur Ii, Kota Palembang Prov. Sumatera Selatan', -2.967031, 104.764000, 'info@smaxaverius4.sch.id', '0711-368630', 'Berawal dari SMA Xaverius 1 sore atau yang lebih dikenal SMA XAverius 1 Filial\"Pada tahun 1980-an SMA Xaverius 1 mengalami perkembangan jumlah peminat yang melebihi daya tampung. Dengan kesepakatan yang ada maka Bapa Drs.T Soedadi memutuskan untuk menerima siswa Xaverius 1 untuk belajar pada sore hari. Tahun ajaran 1987/1988 kelas sore dibubarkan bersamaan dengan berdirinya SMA Xaverius 3. Bulan April 1989 diselenggarakan rapat staf pimpinan SMA Xaverius bersama Pastur Rektor SMA Xaverius 1 dan keputusan yang diambil adalah tahun pelajaran 1989/1990 SMA Xaverius 1 menerima siswa sebanyak 10 kelas. Maka tahun ajaran 1989/1990 dibuka kembali SMA Xaverius 1 Filial (yang sekarang disebut SMA Xaverius 4). Rencana pemisahan SMA Xaverius 1 sore dengan Xaverius 1 pagi menjadi SMA Xaverius 4 dilaksanakan pada tahun ajaran 1994/1995. Akan tetapi, melihat kenyataan bahwa segala sesuatu berjalan dengan baik, maka ada pemikiran lebih awal sehingga diharapkam pada tahun ajaran 1993/1994 SMA Xaverius 4 sudah menerima murid dan bukan lagi sebagai murid SMA Xaverius 1 sore. Selama bulan Oktober dan November 1992 staf pimpinan SMA Xaverius 1 sore bersama staf tata usaha menyiapkan secara fisik data-data usulan pemisahan SMA Xaverius 1 sore menjadi SMA Xaverius 4.', '60914571c13bd.jpg', 'A', 27, 420000, 5347000, NULL, 1, '', '', 'Aksesibilitas SMA Xaverius 4 terdapat halte transmusi berjarak 87m, dan stasiun lrt 1,7km dari sekolah'),
(38, 'A8', 'SMA XAVERIUS 02 PALEMBANG', ' Jl. Sukabangun 1 Plg, Sukabangun, Kec. Sukarami, Kota Palembang Prov. Sumatera Selatan', -2.938091, 104.737592, 'info@smaxaverius2palembang.sch.id', '0711-410903', 'Pada awalnya, SMA Xaverius 2 Palembang ini bernama SMA Santo Louis. SMA Santo Louis didirikan pada tanggal 1 Agustus 1958. Pencetus berdirinya sekolah ini adalah Drs. Jan Dahari, Eddy Haryono dan Suwito. Pada saat senggang mereka membicarakan masalah kemungkinan mendirikan SMA Swasta pada siang hari. Gagasan ini timbul atas dasar kenyataan, bahwa di kota Palembang baru ada satu SMA Negeri. SMA Swasta yang ada belum mampu menyerap semua lulusan SMP. Pembicaraan yang semula tidak resmi, menjadi suatu tekad bulat untuk mendirikan SMA Swasta. Tekad yang didorong oleh semangat pengabdian dalam pendidikan itu, pada akhirnya terwujud. \r\nPembicaraan demi pembicaraan membuahkan keputusan : mencari lokasi yang baik untuk SMA yang akan didirikan. Dipilihlah gedung SD Xaverius 2 di Jalan Kolonel Atmo 4 (belakang gereja Hati Kudus). Gedung ini siang hari tidak terpakai. Ign. Suharno diutus untuk menghubungi frater Overste, untuk membicarakan masalah peminjaman gedung.', '609149f237964.jpg', 'A', 62, 450000, 4500000, NULL, 1, '', '', 'Aksesibilitas SMA Xaverius 2 tidak terdapat kendaraan umum yag melintas di depan sekolah, namun terdapat halte transmusi, angkutan umum, dan stasiun lrt yang berjarak sekitar 1,1km dari sekolah'),
(39, 'A9', 'SMA METHODIST 01 PALEMBANG ', 'Jl. Jend. Sudirman Km. 3.5 Palembang, Pahlawan, Kec. Kemuning, Kota Palembang Prov. Sumatera Selatan', -2.964193, 104.745876, 'info@methodist1.sch.id', '0711-313861', 'Pada tanggal 1 Mei 1908, Salomon Pakianathan (seorang India) dari Medan datang berkunjung ke Palembang dan pada tabun itu juga dia mendirikan The Methodist Mission School di Tangga Batu (16 Ilir) Palembang, dan Salomon Pakiatnathan sendiri sebagai Kepala Sekolah.\r\n\r\nTahun 1918 sekolah ini pindah dari Tangga Butu (16 Ilir) ke Lorong Kuningan (17 Ilir, Sayangan). Kepala Sekolabnya adalah Mr. March Fruman. Tahun 1922 The Methodist Mission School dari Lorong Kuningan pindah ke Jalan Tengkuruk tempat yang sudah permanen (sekarang ditempati Bank Dagang Indonesia). Seiring dengan itu Kepula Sekolahnyapun berganti dari March Fruman kepada Mr. H.C. Bowr (seorang Amerika). Pada tahun 1935 Mr. H.C. Bowr ini kemudian diganti oleh Dr. Prussner (keturunan Jerman—Arnerika)\r\nPada tahun 1942 Dr. Prussner diganti oleh Mile Ferren sampai Jepang masuk ke Indonesia. Dengan masuknya Jepang ke Indonesia. maka Mac Ferren bersama bangsa Amerika lainnya kernbali ke Amerika, kurena mereka dilarang oleh Jepang melakukan kegiatan apapun di Indonesia.\r\nKarena pendudukan Jepang dan kembalinya orang-orang Amerika ke negeri asalnya, maka kegiatan The Methodist Mission School terpaksa vacum (tutup sementara) yakni tahun 1942-1949 di Palembang.\r\nBaru pada tahun 1950 sekolah ini dibuka kembali dan namanya berubah menjadi: The Methodist English School (MES). Kepala Sekolahnya pada waktu itu adalah Hemnel (bangsa Amerika). Pada masa kepemimpinan Henmel inilah tanah yang menjadi lokasi Komplek Perguruan Methodist I saat ini dibeli Berhubung perkembangan The Methodist English School begitu pesat, sehingga komplek yang di Jalan Tengkuruk dirasakan tidak lagi memadai, maka mulailah dibangun komplek di Jalan Jenderal Sudirman Km 3,5 Palembang.\r\nPada tahun 1958 semua kegiatan MES pindah ke komplek yang baru di Jalan Jenderal Sudirman Km 3,5 Palembang dan Kepala Sekolahnya adalah Rev. Wesley Day (bangsa Amerika). sekolah-sekolah di Indonesia, maka sejak itu MES pun harus tunduk pada peraturan. Babasa pengantar diganti dari Bahasa Inggris menjadi Bahasa Indonesia serta namanyapun di rubah menjadi \"Sekolah Methodist\".', '60914e1ea9fcb.jpg', 'A', 70, 530000, 4220000, NULL, 1, '', '', 'Aksesibilitas SMA Mrthodist 1 terdapat angkutan umum, halte trans musi yang berada di jalan utama yang berjarak 160m dan stasiun lrt yang berjarak 1,4km dari sekolah'),
(40, 'A10', 'SMA MUHAMMADIYAH 01 PALEMBANG', 'Jl. Balayudha Km. 4,5 No. 21a Plg, Ario Kemuning, Kec. Kemuning, Kota Palembang Prov. Sumatera Selatan', -2.958485, 104.739202, 'info@smamsapalembang.sch.id', '0711-411316', 'SMA Muhammadiyah 1 Palembang didirikan pada tahun 1966 di kawasan Balayudha no 21A Palembang.Awalnya sekolah ini berdiri guna menjawab kebutuhan masyarakat tentang pendidikan. Seiring perkembangan jaman kini sekolah ini dipimpin oleh Drs.Effendi.AS,kelahiran Muara Rupit 1960.', '609150f35d91c.jpg', 'A', 42, 500000, 3800000, NULL, 1, '', '', 'Aksesibilitas Muhammadiyah 1 terdapat angkutan umum, halte trans musi yang berada di jalan utama yang berjarak 240m dan stasiun lrt yang berjarak 500m dari sekolah'),
(41, 'A11', 'SMA LTI IGM PALEMBANG', 'Jl. Kol.H.Burlian Km. 9,5 Palembang, Karya Baru, Kec. Alang-Alang Lebar, Kota Palembang Prov. Sumatera Selatan', -2.921801, 104.709316, 'igmsma@gmail.com', '0711-421221/421222', 'SMA LTI IGM didirikan dengan visi untuk menjadi Center of Science bagi pengembangan sumber daya manusia sesuai dengan bidang keahliannya. Upaya nyata untuk mencapai visi tersebut, SMA LTI untuk mencapai visi tersebut adalah.\r\n1.	Pertama. Menyediakan sarana dan prasarana pendidikan dalam menunjang proses Transfer of Science and Technology yang selalu disesuaikan dengan kebutuhan.\r\n2.	Kedua. Melaksanakan kurikulum berbasis Competency dengan dukungan Teknologi Informatika untuk menghasilkan lulusan beakhlak, terampil, kreatif dan mampu menumbusuburkan semangat Entrepreneurship dalam kehidupan nyata serta mampu menyesuaikan diri dalam tatanan global.\r\n3.	Ketiga. Menciptakan suasana belajar-mengajar yang kondusif dan demokratis untuk menumbuhkan semangat kompetisi yang sehat diantara para siswa.\r\n4.	Keempat. Menyiapkan Tenaga Pendidik yang handal dan mampu membentuk karakter siswa sehingga mempunyai daya juang dan motivasi tinggi.', '609153d8aabe8.jpg', 'A', 18, 1400000, 19800000, NULL, 1, '', '', 'Aksesibilitas SMA LTI IGM terdapat halte trans musi sekitar 43m dan angkutan umum, serta lrt asrama haji yang berjarak 350m dari sekolah'),
(42, 'A12', 'SMA PUSRI PALEMBANG', 'Jl. Mayor Zen Palembang, Sei Selincah, Kec. Kalidoni, Kota Palembang Prov. Sumatera Selatan', -2.968961, 104.818478, 'smapusri2019@gmail.com', '0711-718451', 'SMA Pusri sebagai salah satu Sekolah terbaik di wilayah Palembang benar-benar berusaha menjaga kualitas calon peserta didiknya.Hal ini terbukti dari salah satu upaya SMA PUSRI dalam menjaring siswa berprestasi di Kota Palembang. Saat ini SMA PUSRI sudah mulai memulai babak baru memasuki dunia maya (cyber) dengan online-nya website ini. Tentunya dengan adanya SMA PUSRI online ini akan bisa membuka pintu baru untuk mengenalkan potensi serta prestasi yang dimilikinya. Yang dengan ini diharapkan akan semakin banyak pihak baik itu stakeholder, alumni ataupun pihak lain yang akan memberikan saran dan masukan untuk pengembangan sekolah kedepan.\r\nTidak ada gading yang tak retak. Itu barangkali pepatah yang senantiasa memberikan peluang yang sebesar-besarnya kepada semua pihak untuk bisa memberikan masukan dan kritik kepada kami dalam pengembangan website ini agar bisa semakin ramai dan menarik.\r\n \r\n- Visi SMA Pusri Palembang\r\n       Menjadikan SMA Unggul Dibidang Teknologi, Akademik, Beriman, Bertaqwa, Cerdas, Terampil, Berwawasan\r\n       Lingkungan dan mampu bersaing di taraf Nasional\r\n \r\n- Misi SMA Pusri Palembang\r\n1. Menghasilkan lulusan yang berkompeten, berkarakter, berakhlak mulia, memiliki jiwa Wirausaha, menguasai IPTEK, beriman, dan bertaqwa\r\nMenyelenggarakan pembelajaran yang berkualitas dan berdasarkan Kurikulum 2013\r\n2. Memanfaatkan TIK dalam kegiatan pembelajaran, administrasikan dan komunikasi\r\n3. Meningkatkan kompetensi tenaga pendidik dan kependidikan.\r\n4. Menciptakan sekolah sebagai tempat pembelajaran yang berwawasan lingkungan\r\n5. Menjalin kerjasama dengan Dunia Industri baik lokal, Nasional maupun Internasional\r\n6. Membangun jiwa intrepreneur warga sekolah\r\n7. Memberikan pelayanan prima bagi warga sekolah dan masyarakat\r\n8. Menggunakan biaya operasional sekolah secara efektif dan efisien demi kemajuan sekolah\r\n9. Meningkatkan kemampuan berbahasa internasional bagi peserta didik, tenaga pendidik dan tenaga kependidikan', '609158ff23a3e.jpg', 'A', 20, 450000, 6500000, NULL, 1, '', '', 'Aksesibilitas SMA Pusri terdapat angkutan umum yang melintas sekitar 100m dari sekolah.'),
(43, 'A13', 'SMA BINA LESTARI PALEMBANG', 'Jl. Kadir Tkr Palembang, 36 Ilir, Kec. Gandus, Kota Palembang Prov. Sumatera Selatan', -3.013963, 104.741410, 'binalestari@gmail.com', '0711-443302', '', '60915a9c8480d.jpg', 'B', 27, 50000, 650000, NULL, 1, '', '', 'Aksesibilitas SMA Bina Lestari terdapat angkutan umum yang melintas di sekitar sekolah'),
(48, 'A14', 'SMA MUHAMMADIYAH 08 PALEMBANG', ' Jl. Tp.Sopyan Kenawas, Gandus, Kec. Gandus, Kota Palembang Prov. Sumatera Selatan', -3.010563, 104.687255, 'smamuh8@gmail.com', '081368908584', '', '6091c72837e23.jpg', 'C', 22, 200000, 1900000, NULL, 1, '', '', 'Aksesibilitas SMA Muhammadiyah 8 terdapat angkutan umum yang sering melintas di depan sekolah'),
(49, 'A15', 'SMA PGRI 02 PALEMBANG', 'Jl. Jend. A Yani Palembang, 9/10 Ulu, Kec. Seberang Ulu I, Kota Palembang Prov. Sumatera Selatan', -2.963081, 104.822901, 'smapgri2palembang@gmail.com', '0711-512248', 'Berdirinya SMA PGRI 2 Palembang pada tahun 1983, timbulnya rencana ini dilatar belakangi oleh tokoh pendidik di SLTP 07 Palembang karena melihat lulusan SLTP di Seberang Ulu tidak dapat melanjutkan SMA dikarenakan daya tampung yang ada pada tiap-tiap sekolah tidak dapat memenuhi siswa baik SMA Negeri maupun Swasta. Oleh karena itu berdasarkan dari keadaan diatas sehingga disepakati untuk mengusulkan suatu rencana untuk mendirikan YPLP-PGRI Dati I Prop. Sumatera Selatan.Berdasarkan surat kuasa dari YPLP-PGRI Dati I Prop. Sumsel Nomor : 48 / E / YPLP-PGRI / XIX / 1983.', '6091c8da46a48.jpg', 'A', 37, 260000, 3500000, NULL, 1, '', '', 'Aksesibilitas SMA PGRI 2 terdapat halte trans musi dan angkutan umum tujuan plaju-ampera yang berada di jalan utama yang berjarak 130m dari sekolah'),
(50, 'A16', 'SMA XAVERIUS 01 PALEMBANG', 'JL. BANGAU NO. 60/1258 PLG, 9 Ilir, Kec. Ilir Timur II, Kota Palembang Prov. Sumatera Selatan', -2.967046, 104.764002, 'contact@smaxaverius1.sch.id', '0711-358005', 'SMA Xaverius 1 Sekolah Terbaik di Palembang sebagai lembaga pusat unggulan pelayanan pendidikan generasi penerus, berdasarkan nilai-nilai persaudaraan serta cinta kasih.\r\n\r\nSMA Katolik di Palembang Sumatera Selatan ini tidak terlepas dari ciri khas Konstitusi Gereja Katolik  No. 5 “Gravissium Educationis” yaitu:  Sekolah Katolik menumbuhkan kemampuan memberikan penilaian yang cermat, memperkenalkan harta warisan budaya yang telah dihimpun oleh generasi-generasi masa silam, meningkatkan kesadaran akan tata nilai, menyiapkan siswa untuk mengelola kejuruan tertentu, memupuk rukun persahabatan antara para siswa yang beraneka watak-perangai maupun kondisi hidupnya, dan mengembangkan sikap saling memahami.', '60d2bc09a85ba.jpg', 'A', 40, 250000, 6500000, NULL, 1, '', '', ''),
(51, 'A17', 'SMA PGRI 01 PALEMBANG', ' PARAMESWARA NO. 18 RT. 03 RW. 01, Bukit Baru, Kec. Ilir Barat I, Kota Palembang Prov. Sumatera Selatan', -3.008427, 104.732300, 'smapgri1plg@gmail.com', '0711-446588', '', NULL, 'A', 43, 300000, 1500000, NULL, 1, '', '', ''),
(52, 'A18', 'SMA BINA WARGA 01 PALEMBANG', 'JL. BINA WARGA NO. 525 PLG, DUKU, Kec. Ilir Timur II, Kota Palembang Prov. Sumatera Selatan', -2.960319, 104.773490, 'smabinawarga1@yahoo.com', '085200002774', '', '60d2c660915f7.jpg', 'A', 55, 300000, 1900000, NULL, 1, '', '', ''),
(53, 'A19', 'SMA PGRI 05 PALEMBANG', ' JL. PARAMESWARA NO. 18 PLG, Bukit Baru, Kec. Ilir Barat I, Kota Palembang Prov. Sumatera Selatan', -2.987034, 104.722979, 'smapgrilimapalembang@gmail.com', '082180602341', '', '60d2cc33c7b26.PNG', 'B', 40, 200000, 1250000, NULL, 1, '', '', ''),
(54, 'A20', 'SMA BINA WARGA 02 PALEMBANG', 'JL. BINA WARGA NO. 252 PLG, DUKU, Kec. Ilir Timur II, Kota Palembang Prov. Sumatera Selatan', -2.960287, 104.773499, 'smabw2plg@gmail.com', '0711-715126', 'SMA Bina Warga 2 Palembang merupakan Sekolah Menengah Atas yang dinaungi oleh Yayasan Pendidikan Umum Bina Warga. YPU Bina Warga Palembang menaungi pendidikan mulai dari SD Bina Warga Palembang, SMP Bina Warga Palembang, SMA Bina Warga 1 Palembang, SMA Bina Warga 2 Palembang, dan SMK Bina Warga Palembang.', '60d2e089a0a91.jpg', 'A', 32, 200, 1750000, NULL, 1, '', '', 'terdapat halte sekitar 400m'),
(55, 'A21', 'SMA MUHAMMADIYAH 03 PALEMBANG', ' JL. JEND. A. YANI 13 ULU KOMP. UMP PAALEMBANG, 13 ULU, Kec. Seberang Ulu II, Kota Palembang Prov. Sumatera Selatan', -2.996321, 104.780679, 'smamuhd.3threeplg@gmail.com', '0711-5620935', '', NULL, 'B', 45, 140000, 650000, NULL, 1, '', '', 'terdapat halte berjarak 500m dari sekolah'),
(56, 'A22', 'SMA AL-AMALUL KHAIR PALEMBANG', ' JL. LUNJUK JAYA RT. 48, Lorok Pakjo, Kec. Ilir Barat I, Kota Palembang Prov. Sumatera Selatan', -2.982050, 104.729847, 'smaamalulkhairplg@gmail.com', '081278143777', '', '60d3f3b44a80b.PNG', 'A', 17, 750000, 2900000, NULL, 1, '', '', ''),
(58, 'A23', 'SMA BINA CIPTA PALEMBANG', ' JL. BINA CIPTA NO. 18 PALEMBANG, Bukit Sangkal, Kec. Kalidoni, Kota Palembang Prov. Sumatera Selatan', -2.939198, 104.774398, 'smabinaciptapalembang@gmail.com', '0711-810313', '', '60d3fca16a6e7.jpg', 'A', 37, 225000, 795000, NULL, 1, '', '', ''),
(59, 'A24', 'SMA BHAKTI IBU 8 PALEMBANG', '  JL. GOTONG ROYONG KM. 13 PLG, Sukodadi, Kec. Sukarami, Kota Palembang Prov. Sumatera Selatan', -2.907428, 104.680123, 'smabaktiibu8plg@gmail.com', '085384476857', '', '60d402c90fab4.PNG', 'B', 42, 250000, 720000, NULL, 1, '', '', ''),
(60, 'A25', 'SMA MARDI WACANA PALEMBANG', ' JL. TANJUNG API-API NO 2594 PALEMBANG, Kebun Bunga, Kec. Sukarami, Kota Palembang Prov. Sumatera Selatan', -2.915961, 104.712556, 'smamardiwacanaplg@gmail.com', '0711-419931', '', '60d4095e06650.PNG', 'B', 34, 175000, 0, NULL, 1, '', '', ''),
(61, 'A26', 'SMA PGRI 03 PALEMBANG', ' Jalan Srijaya, Sukarami, Kec. Sukarami, Kota Palembang Prov. Sumatera Selatan', -2.948344, 104.723285, 'smapgri3palembang@gmail.com', '0711-5715650', '', '60d410031b54a.PNG', 'B', 36, 150000, 500000, NULL, 1, '', '', ''),
(62, 'A27', 'SMA TARUNA INDONESIA PALEMBANG', ' JL. PENDIDIKAN SUKABANGUN II PLG, SUKAJAYA, Kec. Sukarami, Kota Palembang Prov. Sumatera Selatan', -2.923167, 104.743785, 'kontak@smatarunaindonesia.sch.id', '0711-5611927', '', '60d417344861f.jpg', 'B', 16, 1600000, 19000000, NULL, 1, '', '', ''),
(63, 'A28', 'SMA AZIZIAH PALEMBANG', ' Jl. Bukit Kenten RT 48 RW 10 Kec. Ilir Timur II Komp Masjid Al-fatah, 8 Ilir, Kec. Ilir Timur III, Kota Palembang Prov. Sumatera Selata', -2.952359, 104.774913, 'smaaziziahpalembang@gmail.com', '081373729167', '', '60d42a26d4fb9.PNG', 'B', 17, 225000, 4300000, NULL, 1, '', '', ''),
(64, 'A29', 'SMA AISYIYAH 01 PALEMBANG', ' JL. BALAYUDHA KM. 4.5 PLG, Ario Kemuning, Kec. Kemuning, Kota Palembang Prov. Sumatera Selatan', -2.957915, 104.738952, 'sma_aisyiyah.1@gmail.com', '081271980073', 'Pada tahun Pelajaran 2010 – 2011 SMA Muhammadiyah 7 Palembang pengelolaannya dikembalikan lagi kepada Pimpinan Wilayah ‘Aisyiyah Sum – Sel sehingga berubah nama menjadi SMA ‘Aisyiyah 1 Palembang dan terdaftar di Kementrian Pendidikan Nasional Kota Palembang tanggal 30 Maret 2011 dengan kode validasi : F 70C3B6, dengan Kepala Sekolahnya Ibu Dra. Nurmawati, MM dan pada tanggal 31 Mei 2017 terjadi pergantian Kepala Sekolah yang digantikan oleh Dra. Hj. Rahayu Hartuti, MM.', '60d43b3b118e3.PNG', 'A', 32, 250000, 4000000, NULL, 1, '', '', 'terdapat angkutan umum, halte dan stasiun lrt yang tidak jauh dari sekolah'),
(65, 'A30', 'SMA MUHAMMADIYAH 04 PALEMBANG', ' JL. DI PANJAITAN PLAJU ILIR PALEMBANG, PLAJU ILIR, Kec. Plaju, Kota Palembang Prov. Sumatera Selatan', -2.995412, 104.816597, 'smamuhammadiyah4plg@gmail.com', '0711-541302', '', '60d4449d771dc.PNG', 'B', 38, 250000, 2500000, NULL, 1, '', '', ''),
(66, 'A31', 'SMA ARINDA PALEMBANG', 'JL. ANGKATAN 45 PALEMBANG, Lorok Pakjo, Kec. Ilir Barat I, Kota Palembang Prov. Sumatera Selatan ', -2.971008, 104.737564, 'smaarindaplg@gmail.com', '0711-351223', '', '60d59560d68c3.PNG', 'A', 33, 200000, 0, NULL, 1, '', '', 'terdapat kendaraan umum baik lrt, trans musi dan angkutan umun'),
(67, 'A32', 'SMA RA KARTINI PALEMBANG', ' JL. SEI SAHANG NO. 5 PALEMBANG, Lorok Pakjo, Kec. Ilir Barat I, Kota Palembang Prov. Sumatera Selatan', -2.979820, 104.731347, 'smk.ra.kartini.palembang58@gmail.com', '0711-5731124', '', '60d59c3d380ba.PNG', 'B', 36, 0, 0, NULL, 1, '', '', ''),
(68, 'A33', 'SMA DARMA BHAKTI PALEMBANG', ' JL. MAYOR ZEN LR. IWARI II NO. 50 RT 34, Sei Selincah, Kec. Kalidoni, Kota Palembang Prov. Sumatera Selatan', -2.960996, 104.817945, 'smadbplg17@gmail.com', '', '', NULL, 'B', 34, 150000, 1000000, NULL, 1, '', '', ''),
(69, 'A34', 'SMA PRAMULA PALEMBANG', ' JL. PASUNDAN, Kalidoni, Kec. Kalidoni, Kota Palembang Prov. Sumatera Selatan', -2.957092, 104.805777, 'yayasanpramula@gmail.com', '0811714039', '', '60d5a80a95b5a.PNG', 'B', 35, 100000, 1050000, NULL, 1, '', '', ''),
(70, 'A35', 'SMA ADABIYAH PALEMBANG', ' JL. DR. M. ISA, Duku, Kec. Ilir Timur II, Kota Palembang Prov. Sumatera Selatan', -2.972461, 104.769454, 'smaadabiyahplg@gmail.com', '089610467505', '', '60d5b4b8a6e92.PNG', 'B', 37, 200000, 1900000, NULL, 1, '', '', ''),
(71, 'A36', 'SMA IGNATIUS GLOBAL SCHOOL (IGS) PALEMBANG', ' JL. VETERAN NO. F3 kel. 9 Ilir Kec. Ilir Timur II Kota Palembang Prov. Sumatera Selatan', -2.971150, 104.761622, 'adm@ignatiusglobal.sch.id', '0711-377159', 'Sekolah Nasional Plus, Ignatius Global School, IGS dimulai dari Bimbingan Belajar St.Ignatius Education & Training Center, SIEC yang beralamat di Jl. Dempo Dalam No. 716 Telp. 314082 dan didirikan pada tahun 1996 oleh Ignatius Djony ( Koko Djony ) sebagai pengajar tunggal yang meliputi Matematika, Fisika, Kimia dan Biologi untuk siswa/i tingkat SMA.', '60d5c3d196ab9.PNG', 'A', 7, 1200000, 1850000, NULL, 1, '', '', ''),
(73, 'A37', 'SMA NURUL AMAL PALEMBANG', ' Jl. Gersik Lr. Singkil/Selada No.127, 9 Ilir, Kec. Ilir Timur II, Kota Palembang Prov. Sumatera Selatan', -2.961988, 104.761255, 'smanurulamal_palembang@gmail.com', '0711-361702', '', '60d8435faf7a5.PNG', 'A', 33, 140000, 680000, NULL, 1, '', '', ''),
(74, 'A38', 'SMA TUNAS BANGSA PALEMBANG', ' JL. RESIDEN H. ABDUL ROZAK PLG, 8 Ilir, Kec. Ilir Timur II, Kota Palembang Prov. Sumatera Selatan', -2.950733, 104.774387, 'smaypitunasbangsaplg@gmail.com', '0711-713859', '', NULL, 'A', 35, 300000, 3800000, NULL, 1, '', '', ''),
(75, 'A39', 'SMA FITRA ABDI PALEMBANG', '  Jalan Tegal Binangun , Plaju Darat, Kec. Plaju, Kota Palembang Prov. Sumatera Selatan', -3.011841, 104.813733, 'smafitraabdiplg@gmail.com', '088286089775', '', NULL, 'B', 12, 120000, 600000, NULL, 1, '', '', ''),
(77, 'A40', 'SMA SHAILENDRA PALEMBANG', ' JL. DI. PANJAITAN, LR. CIVO PLAJU PLJU PALEMBANG, Bagus Kuning, Kec. Plaju, Kota Palembang Prov. Sumatera Selatan', -2.992997, 104.808327, 'sma_shailendra@gmail.co.id', '0711-5740725', 'Merupakan salah satu sekolah menengah yang berada di Palembang, provinsi Sumatera Selatan. Adapun Nomor pokok sekolah nasional (NPSN) untuk SMA SHAILENDRA ini adalah 10609687.\r\n\r\nSekolah ini menyediakan berbagai fasilitas penunjang pendidikan bagi anak didiknya. Terdapat guru-guru dengan kualitas terbaik yang kompeten dibidangnya, kegiatan penunjang pembelajaran seperti ekstrakurikuler (ekskul), organisasi siswa, komunitas belajar, tim olahraga, dan perpustakaan sehingga siswa dapat belajar secara maksimal. Proses belajar dibuat senyaman mungkin bagi murid dan siswa.', '60d85faa100cf.PNG', 'B', 29, 125000, 860000, NULL, 1, '', '', ''),
(79, 'A41', 'SMA YWKA PALEMBANG', ' JL. KI. MEROGAN LR PORKA PALEMBANG, Ogan Baru, Kec. Kertapati, Kota Palembang Prov. Sumatera Selatan', -3.019619, 104.751643, 'smaywkaplg@gmail.com', '0711-512307', '', '60d86bd954be2.jpg', 'A', 38, 0, 0, NULL, 1, '', '', ''),
(80, 'A42', 'SMA KARYA SAKTI PALEMBANG', ' JL. KOPRAL ANWAR, Sialang, Kec. Sako, Kota Palembang Prov. Sumatera Selatan', -2.926602, 104.777110, 'smakaryasaktiplg@gmail.com', '081274201245', '', '60dc87e0c0374.PNG', 'B', 10, 0, 0, NULL, 1, '', '', ''),
(81, 'A43', 'SMA MANDIRI PALEMBANG', ' JL. PANGERAN AYIN PALEMBANG, Sukamaju, Kec. Sako, Kota Palembang Prov. Sumatera Selatan', -2.918546, 104.733736, 'smamandiriplg@gmail.com', '0711-360113b', '', '60dc8f7b76b82.PNG', 'B', 22, 250000, 2000000, NULL, 1, '', '', ''),
(82, 'A44', 'SMA DAARUL AITAM PALEMBANG', ' JL. NAGA SWIDAK, 14 Ulu, Kec. Seberang Ulu II, Kota Palembang Prov. Sumatera Selatan', -2.988661, 104.779915, 'smadaarulaitam_plg@yahoo.com', '082280582606', '', '60dd47f0b5c5f.PNG', 'B', 21, 0, 0, NULL, 1, '', '', ''),
(84, 'A45', 'SMA METHODIST 03 PALEMBANG', 'JL. JEND. A. YANI , TEMBOK BARU NO 777A, 9/10 Ulu, Kec. Seberang Ulu I, Kota Palembang Prov. Sumatera Selatan', -2.995731, 104.773186, 'info@methodist3.sch.id', '082372300369', '', '60dd553133d13.PNG', 'A', 121, 250000, 870000, NULL, 1, '', '', ''),
(85, 'A46', 'SMA BSI PALEMBANG', '  JL. HM RYACUDU NO 24 , 8 Ulu, Kec. Seberang Ulu I, Kota Palembang Prov. Sumatera Selatan', -2.996304, 104.767229, 'smabsipalembang@gmail.com', '0711-519955', '', '60dd7368da5a1.PNG', 'B', 11, 150000, 0, NULL, 1, '', '', ''),
(86, 'A47', 'SMA AZHARYAH PALEMBANG', ' JL.KH. AZHARI PLG, 12 Ulu, Kec. Seberang Ulu II, Kota Palembang Prov. Sumatera Selatan', -2.990637, 104.769860, 'smaazharyahplg@gmail.com', '082380220708', '', '60ddb9d36c171.PNG', 'A', 36, 100000, 850000, NULL, 1, NULL, NULL, NULL),
(87, 'A48', 'SMA TRI DHARMA PALEMBANG', ' JL JAKSA AGUNG R. SOEPRAPTO PALEMBANG, 30 Ilir, Kec. Ilir Barat II, Kota Palembang Prov. Sumatera Selatan', -2.987424, 104.743477, 'smatridarmaplg@gmail.com', '0711-362940', '', '60ddc3d278bbc.PNG', 'A', 36, 80000, 750000, NULL, 1, '', '', ''),
(88, 'A49', 'SMA SUMSEL JAYA PALEMBANG', '  JL.LETKOL ISKANDAR NO.453, 15 Ilir, Kec. Ilir Timur I, Kota Palembang Prov. Sumatera Selatan', -2.981661, 104.761969, 'smasumseljayaplg@gmail.com', '089672791081', '', '60ddcd3986283.PNG', 'B', 30, 100000, 850000, NULL, 1, '', '', ''),
(90, 'A50', 'SMA IBA PALEMBANG', '  JL. MAYOR RUSLAN PALEMBANG, 9 Ilir, Kec. Ilir Timur II, Kota Palembang Prov. Sumatera Selatan', -2.963817, 104.763333, 'smaibapalembang@gmail.com', '0711-356533', '', '60df16c859467.PNG', 'A', 121, 150000, 2000000, NULL, 1, '', '', ''),
(91, 'A51', 'SMA TELADAN PALEMBANG', ' JL. RAMBUTAN NO.06 PLG, 30 Ilir, Kec. Ilir Barat II, Kota Palembang Prov. Sumatera Selatan', -2.993027, 104.742785, 'smateladanplg@gmail.com', '0711-375363', '', '60df22cd24a91.jpg', 'C', 34, 60000, 605000, NULL, 1, '', '', ''),
(92, 'A52', 'SMA TAMAN SISWA PALEMBANG', ' JL. TAMANSISWA NO. 261 PLG, 20 Ilir I, Kec. Ilir Timur I, Kota Palembang Prov. Sumatera Selatan', -2.960125, 104.785159, 'smatamansiswaplg@gmail.com', '0711-350010', '', '60dff4dfd6d5e.PNG', 'A', 40, 170000, 355000, NULL, 1, '', '', ''),
(93, 'A53', 'SMA SRI GUNA PALEMBANG', ' JL. DI. PANJAITAN LR. PEGAGAN, 16 Ulu, Kec. Seberang Ulu II, Kota Palembang Prov. Sumatera Selatan', -2.993910, 104.798511, 'smasrigunaplg@gmail.com', '0711-7379749', '', '60e067aca5f70.PNG', 'A', 38, 95000, 750000, NULL, 1, '', '', ''),
(94, 'A54', 'SMA BINA KARYA PLAJU PALEMBANG', '  JL. PERTAHANAN III NO.2160, 16 Ulu, Kec. Seberang Ulu II, Kota Palembang Prov. Sumatera Selatan', -2.998154, 104.795820, 'smp_binakaryaplg@yahoo.com', '082184748636', '', '60e071787a13f.PNG', 'B', 34, 0, 0, NULL, 1, '', '', ''),
(95, 'A55', 'SMA IT IZZUDDIN PALEMBANG', ' JL. DEMANG LEBAR DAUN , Demang Lebar Daun, Kec. Ilir Barat I, Kota Palembang Prov. Sumatera Selatan', -2.974400, 104.726368, 'info.izzuddin@gmail.com', '0711-417881', 'Sekolah Islam Terpadu Izzuddin berdiri pada tahun 2002 menjadi pelopor dan telah ikut melahirkan Sekolah Islam Terpadu lainnya di Sumatera Selatan.', '60e0798e373a9.PNG', 'A', 13, 1200000, 13500000, NULL, 1, '', '', ''),
(96, 'A56', 'SMA ASSANADIYAH PALEMBANG', ' JL. KH. BALKHI BANTEN V, 16 ULU, Kec. Seberang Ulu II, Kota Palembang Prov. Sumatera Selatan', -2.997278, 104.783630, 'info@assanadiyah.sch.id', '0711-516266', '', '60e085688ea86.PNG', 'B', 12, 100000, 450000, NULL, 1, '', '', ''),
(97, 'A57', 'SMA SJAKHYAKIRTI PALEMBANG', ' Jl. SULTAN MANSYUR PALEMBANG, 32 Ilir, Kec. Ilir Barat II, Kota Palembang Prov. Sumatera Selatan', -3.001163, 104.744818, 'sma_sjk32ilir@yahoo.com', '0711-441022', 'Pada awal berdirinya, sekolah ini bernama Sekolah Teknologi Menengah Parki yang berbantuan sebagai sekolah  swasta yang beralamat di Jalan Sultan Muh. Manyur Kebon Gede 32 ilir . Pada tanggal 18 September 1987, SMA SJAKHYAKIRTI dan resmi pada tahun pelajaran 1987/1988 SMA SJAKHYAKIRTI PALEMBANG', '60e11fbe8a00d.PNG', 'B', 33, 140000, 1100000, NULL, 1, '', '', ''),
(98, 'A58', 'SMA PATRA MANDIRI 01 PALEMBANG', ' JL KELAPA SAWIT KOMPERTA PLAJU, Komperta, Kec. Plaju, Kota Palembang Prov. Sumatera Selatan', -2.995778, 104.821709, 'smapatramandiri1plaju@yahoo.com', '0711-595556', '', '60e124bf82fd3.PNG', 'A', 41, 650000, 4500000, NULL, 1, '', '', ''),
(99, 'A59', 'SMA IT AL FURQON PALEMBANG', ' JL. HBR MOTIK KM 8 RT.48 RW.08, Karya Baru, Kec. Alang-Alang Lebar, Kota Palembang Prov. Sumatera Selatan', -2.935258, 104.709284, 'smait.alfurqon@yahoo.co.id', '0711-418854', 'Sekolah Menengah Atas Islam Terpadu (SMAIT) Al-Furqon Palembang adalah Sekolah Menengah Atas unggulan yang menerapkan nilai-nilai Qur’ani dengan sistem pengajaran modern.', '60e12b9d69d80.PNG', 'A', 13, 1375000, 1800000, NULL, 1, '', '', ''),
(100, 'A60', 'SMA IT BINA ILMI PALEMBANG', ' Jl. Letjend Alamsyah Ratu Prawira Negara No. 88 Palembang, Bukit Baru, Kec. Ilir Barat I, Kota Palembang Prov. Sumatera Selatan', -2.995448, 104.720054, 'smaitbinailmiplg@yahoo.co.id', '0711-444934', '', '60e12e64d1b9a.PNG', 'C', 4, 700000, 14160000, NULL, 1, '', '', '');

-- --------------------------------------------------------

--
-- Struktur dari tabel `alternative_accessibility`
--

CREATE TABLE `alternative_accessibility` (
  `id` int(11) NOT NULL,
  `alternative_id` int(11) DEFAULT NULL,
  `accessibility` varchar(255) DEFAULT NULL,
  `status` tinyint(2) DEFAULT 1
) ENGINE=InnoDB DEFAULT CHARSET=utf8mb4;

--
-- Dumping data untuk tabel `alternative_accessibility`
--

INSERT INTO `alternative_accessibility` (`id`, `alternative_id`, `accessibility`, `status`) VALUES
(1, 23, 'Terdapat Akses Kendaraan Umum', 1),
(2, 24, 'Terdapat Akses Kendaraan Umum Namun Tidak Setiap Saat', 1),
(3, 25, 'Terdapat Akses Kendaraan Umum', 1),
(4, 26, 'Terdapat Akses Kendaraan Umum', 1),
(7, 35, 'Terdapat Akses Kendaraan Umum', 1),
(8, 36, 'Terdapat Akses Kendaraan Umum', 1),
(9, 37, 'Terdapat Akses Kendaraan Umum Namun Tidak Setiap Saat', 1),
(10, 38, 'Tidak Terdapat Akses Kendaraan Umum Namun Lalu Lintas Lancar', 1),
(11, 39, 'Terdapat Akses Kendaraan Umum', 1),
(12, 40, 'Terdapat Akses Kendaraan Umum', 1),
(13, 41, 'Terdapat Akses Kendaraan Umum Namun Tidak Setiap Saat', 1),
(14, 42, 'Terdapat Akses Kendaraan Umum', 1),
(15, 43, 'Terdapat Akses Kendaraan Umum', 1),
(19, 48, 'Terdapat Akses Kendaraan Umum', 1),
(20, 49, 'Terdapat Akses Kendaraan Umum', 1),
(21, 51, 'Tidak Terdapat Akses Kendaraan Umum Namun Lalu Lintas Lancar', 1),
(22, 52, 'Terdapat Akses Kendaraan Umum Namun Tidak Setiap Saat', 1),
(23, 54, 'Terdapat Akses Kendaraan Umum Namun Tidak Setiap Saat', 1),
(24, 55, 'Terdapat Akses Kendaraan Umum Namun Tidak Setiap Saat', 1),
(25, 56, 'Tidak Terdapat Akses Kendaraan Umum Namun Lalu Lintas Lancar', 1),
(26, 58, 'Tidak Terdapat Akses Kendaraan Umum Namun Lalu Lintas Lancar', 1),
(27, 59, 'Tidak Terdapat Akses Kendaraan Umum Namun Lalu Lintas Lancar', 1),
(28, 60, 'Terdapat Akses Kendaraan Umum', 1),
(29, 61, 'Tidak Terdapat Akses Kendaraan Umum Namun Lalu Lintas Lancar', 1),
(30, 62, 'Tidak Terdapat Akses Kendaraan Umum Namun Lalu Lintas Lancar', 1),
(31, 63, 'Tidak Terdapat Akses Kendaraan Umum Namun Lalu Lintas Lancar', 1),
(32, 64, 'Terdapat Akses Kendaraan Umum', 1),
(33, 65, 'Terdapat Akses Kendaraan Umum', 1),
(34, 66, 'Terdapat Akses Kendaraan Umum', 1),
(35, 67, 'Tidak Terdapat Akses Kendaraan Umum Namun Lalu Lintas Lancar', 1),
(36, 68, 'Tidak Terdapat Akses Kendaraan Umum Dan Lalu Lintas Tidak Lancar', 1),
(37, 69, 'Tidak Terdapat Akses Kendaraan Umum Namun Lalu Lintas Lancar', 1),
(38, 71, 'Terdapat Akses Kendaraan Umum', 1),
(39, 73, 'Tidak Terdapat Akses Kendaraan Umum Namun Lalu Lintas Lancar', 1),
(40, 74, 'Terdapat Akses Kendaraan Umum Namun Tidak Setiap Saat', 1),
(41, 75, 'Tidak Terdapat Akses Kendaraan Umum Namun Lalu Lintas Lancar', 1),
(42, 77, 'Terdapat Akses Kendaraan Umum Namun Tidak Setiap Saat', 1),
(43, 79, 'Tidak Terdapat Akses Kendaraan Umum Dan Lalu Lintas Tidak Lancar', 1),
(44, 80, 'Terdapat Akses Kendaraan Umum', 1),
(45, 81, 'Tidak Terdapat Akses Kendaraan Umum Dan Lalu Lintas Tidak Lancar', 1),
(46, 82, 'Tidak Terdapat Akses Kendaraan Umum Dan Lalu Lintas Tidak Lancar', 1),
(48, 84, 'Terdapat Akses Kendaraan Umum', 1),
(49, 85, 'Terdapat Akses Kendaraan Umum', 1),
(50, 86, 'Terdapat Akses Kendaraan Umum Namun Tidak Setiap Saat', 1),
(51, 87, 'Terdapat Akses Kendaraan Umum', 1),
(52, 88, 'Terdapat Akses Kendaraan Umum', 1),
(54, 90, 'Tidak Terdapat Akses Kendaraan Umum Namun Lalu Lintas Lancar', 1),
(55, 91, 'Tidak Terdapat Akses Kendaraan Umum Namun Lalu Lintas Lancar', 1),
(56, 92, 'Tidak Terdapat Akses Kendaraan Umum Namun Lalu Lintas Lancar', 1),
(57, 93, 'Terdapat Akses Kendaraan Umum Namun Tidak Setiap Saat', 1),
(58, 94, 'Terdapat Akses Kendaraan Umum Namun Tidak Setiap Saat', 1),
(60, 95, 'Terdapat Akses Kendaraan Umum', 1),
(61, 96, 'Tidak Terdapat Akses Kendaraan Umum Namun Lalu Lintas Lancar', 1),
(62, 53, 'Terdapat Akses Kendaraan Umum Namun Tidak Setiap Saat', 1),
(63, 97, 'Tidak Terdapat Akses Kendaraan Umum Namun Lalu Lintas Lancar', 1),
(64, 99, 'Tidak Terdapat Akses Kendaraan Umum Namun Lalu Lintas Lancar', 1),
(65, 100, 'Tidak Terdapat Akses Kendaraan Umum Dan Lalu Lintas Tidak Lancar', 1),
(66, 50, 'Terdapat Akses Kendaraan Umum Namun Tidak Setiap Saat', 1);

-- --------------------------------------------------------

--
-- Struktur dari tabel `alternative_accessibility_asset`
--

CREATE TABLE `alternative_accessibility_asset` (
  `id` int(11) NOT NULL,
  `alternative_id` int(11) DEFAULT NULL,
  `image` varchar(50) CHARACTER SET latin1 DEFAULT NULL,
  `status` tinyint(2) DEFAULT 1
) ENGINE=InnoDB DEFAULT CHARSET=utf8mb4;

--
-- Dumping data untuk tabel `alternative_accessibility_asset`
--

INSERT INTO `alternative_accessibility_asset` (`id`, `alternative_id`, `image`, `status`) VALUES
(12, 23, 'srijaya akses.jpg', 1),
(13, 24, 'ethikaakses3.jpg', 1),
(15, 25, 'smaazzahrah3.jpg', 1),
(16, 26, 'xavega3.jpg', 1),
(17, 35, 'binakarya3.jpg', 1),
(19, 36, 'kumbang3.jpg', 1),
(20, 37, 'smaxaverius43.jpg', 1),
(21, 38, 'smaxaverius23.jpg', 1),
(22, 39, 'smametho3.jpg', 1),
(23, 40, 'smamuh13.jpg', 1),
(24, 41, 'igm3.jpg', 1),
(25, 42, 'smapusri3.jpg', 1),
(27, 43, 'binalestari3.jpg', 1),
(29, 48, 'smamuh83.jpg', 1),
(30, 49, 'smapgri23.jpg', 1),
(31, 54, 'Binawarga2ak.PNG', 1),
(32, 55, 'muh3akse.PNG', 1),
(33, 56, 'alamalulaks.PNG', 1),
(34, 58, 'binaciptaaks.PNG', 1),
(35, 59, 'baktiibuaks.PNG', 1),
(36, 60, 'mardiwacanaaks.PNG', 1),
(37, 61, 'pgri3aks.PNG', 1),
(38, 62, 'tarunaaks.PNG', 1),
(39, 63, 'aziziahaks.PNG', 1),
(40, 64, 'aisyiyahaks.PNG', 1),
(41, 65, 'muh4aks.PNG', 1),
(42, 66, 'arindaaks.PNG', 1),
(43, 67, 'rakartiniaks.PNG', 1),
(44, 68, 'dharmabaktiaks.PNG', 1),
(45, 69, 'smapramulaaks.PNG', 1),
(46, 70, 'adabiyahaks.PNG', 1),
(47, 71, 'igsaks.PNG', 1),
(48, 73, 'nurulamalaks.PNG', 1),
(49, 75, 'fitraabdiaks.PNG', 1),
(50, 77, 'shailendraaks.PNG', 1),
(51, 79, 'ywkaaks.PNG', 1),
(52, 80, 'karyasaktiaks.PNG', 1),
(53, 81, 'mandiriaks.PNG', 1),
(54, 82, 'daarulaitamaks.PNG', 1),
(55, 84, 'methodist3aks.PNG', 1),
(56, 85, 'bsiaks.PNG', 1),
(57, 87, 'tridarmaaks.PNG', 1),
(58, 88, 'sumseljayaaks.PNG', 1),
(59, 90, 'ibaaks.PNG', 1),
(60, 91, 'teladanaks.PNG', 1),
(61, 92, 'tamansiswaaks.PNG', 1),
(62, 93, 'srigunaaks.PNG', 1),
(63, 94, 'binakaryaplajuaks.PNG', 1),
(64, 95, 'izzuddinaks.PNG', 1),
(65, 96, 'assanadiyahaks.PNG', 1),
(66, 53, 'pgri5aks.PNG', 1),
(67, 97, 'sjakhyakirtiaks.PNG', 1),
(68, 98, 'patramandiriaks.PNG', 1),
(69, 99, 'italfurqonaks.PNG', 1),
(70, 100, 'itbinailmiaks.PNG', 1),
(71, 50, 'xaverius1aks.PNG', 1);

-- --------------------------------------------------------

--
-- Struktur dari tabel `alternative_extracurricular`
--

CREATE TABLE `alternative_extracurricular` (
  `id` int(11) NOT NULL,
  `alternative_id` int(11) DEFAULT NULL,
  `extracurricular` varchar(255) DEFAULT NULL,
  `status` tinyint(2) DEFAULT 1
) ENGINE=InnoDB DEFAULT CHARSET=utf8mb4;

--
-- Dumping data untuk tabel `alternative_extracurricular`
--

INSERT INTO `alternative_extracurricular` (`id`, `alternative_id`, `extracurricular`, `status`) VALUES
(1, 23, 'Pramuka', 1),
(2, 23, 'Paskibra', 1),
(3, 23, 'Futsal', 1),
(4, 23, 'Softball', 1),
(5, 23, 'Sensu', 1),
(6, 23, 'Irmais ', 1),
(7, 23, 'Seni Tari', 1),
(8, 23, 'PMR', 1),
(9, 23, 'Film', 1),
(10, 23, 'KIR', 1),
(11, 23, 'Marching Band', 1),
(12, 24, 'Pramuka', 1),
(13, 24, 'Futsal', 1),
(14, 24, 'Taekwondo', 1),
(15, 24, 'Pencak Silat', 1),
(16, 24, 'Seni Musik', 1),
(17, 24, 'Hadroh', 1),
(18, 24, 'Kultum', 1),
(19, 24, 'Marawis', 1),
(20, 25, 'Pramuka', 1),
(21, 25, 'Paskibra', 1),
(22, 25, 'Rohis', 1),
(23, 25, 'PMR', 1),
(24, 25, 'Tilawah', 1),
(25, 25, 'Marching Band', 1),
(26, 25, 'Social Club', 1),
(27, 25, 'Jurnalistik', 1),
(28, 25, 'Futsal', 1),
(29, 25, 'Robotik', 1),
(30, 25, 'Seni Musik', 1),
(31, 25, 'Seni Tari', 1),
(32, 25, 'English Club', 1),
(33, 25, 'Olimpiade Club', 1),
(34, 26, 'Pramuka', 1),
(35, 26, 'Paskibra', 1),
(36, 26, 'Seni Musik', 1),
(37, 26, 'Taekwondo', 1),
(38, 26, 'Paduan Suara', 1),
(39, 26, 'IPKA', 1),
(40, 26, 'ESC', 1),
(41, 26, 'Seni Lukis', 1),
(42, 26, 'Basket', 1),
(43, 26, 'Futsal', 1),
(44, 26, 'Voli', 1),
(45, 26, 'Tari', 1),
(46, 26, 'Koperasi', 1),
(47, 26, 'Redaksi KARTIKA', 1),
(48, 26, 'Jurnalistik', 1),
(49, 26, 'Fotografi dan Videografi ', 1),
(50, 26, 'Modelling', 1),
(51, 26, 'Memasak', 1),
(68, 35, 'Paskibra', 1),
(69, 35, 'Futsal', 1),
(70, 35, 'Sepak Bola', 1),
(71, 35, 'Taekwondo', 1),
(72, 35, 'Pencak Silat', 1),
(73, 35, 'Bulutangkis', 1),
(74, 35, 'Bridge', 1),
(75, 35, 'Tari', 1),
(76, 36, 'Renang', 1),
(77, 36, 'Futsal', 1),
(78, 36, 'Paskibra', 1),
(79, 36, 'Basket', 1),
(80, 36, 'Bulutangkis', 1),
(81, 36, 'Memasak', 1),
(82, 36, 'Video Making', 1),
(83, 36, 'Fotografi ', 1),
(84, 36, 'Seni Musik', 1),
(85, 36, 'Broadcasting', 1),
(86, 36, 'Melukis', 1),
(87, 36, 'Tenis Lapangan', 1),
(88, 36, 'Tari', 1),
(89, 36, 'Teater', 1),
(90, 36, 'Debate Club', 1),
(91, 36, 'Kempo', 1),
(92, 36, 'Paduan Suara', 1),
(93, 36, 'Manga', 1),
(94, 36, 'Marching Band', 1),
(95, 37, 'Pramuka', 1),
(96, 37, 'Basket', 1),
(97, 37, 'Voli', 1),
(98, 37, 'Futsal', 1),
(99, 37, 'Seni Musik', 1),
(100, 37, 'ECC', 1),
(101, 37, 'Jurnalistik', 1),
(102, 37, 'Komputer', 1),
(103, 37, 'KIR', 1),
(104, 37, 'Teater', 1),
(105, 38, 'Pramuka', 1),
(106, 38, 'Futsal', 1),
(107, 38, 'Voli', 1),
(108, 38, 'PMR', 1),
(109, 38, 'Paduan Suara', 1),
(110, 38, 'Fotografi ', 1),
(111, 38, 'Jurnalistik', 1),
(112, 38, 'Seni Musik', 1),
(113, 38, 'Tari', 1),
(114, 38, 'KIR', 1),
(115, 39, 'Paskibra', 1),
(116, 39, 'Basket', 1),
(117, 39, 'Voli', 1),
(118, 39, 'Futsal', 1),
(119, 39, 'Seni Tari', 1),
(120, 39, 'PMR', 1),
(121, 39, 'English Club', 1),
(122, 39, 'Sains Club', 1),
(123, 40, 'Paskibra', 1),
(124, 40, 'Futsal', 1),
(125, 40, 'Voli', 1),
(126, 40, 'Basket', 1),
(127, 40, 'Seni Musik', 1),
(128, 40, 'Seni Tari', 1),
(129, 40, 'Paduan Suara', 1),
(130, 40, 'Teater', 1),
(131, 40, 'Tapak Suci', 1),
(132, 40, 'Hizbul Wathan', 1),
(133, 41, 'Olimpiade Sains', 1),
(134, 41, 'Rohis', 1),
(135, 41, 'Musikalisasi Puisi', 1),
(136, 41, 'Seni Musik', 1),
(137, 41, 'Tari', 1),
(138, 41, 'Basket', 1),
(139, 41, 'Renang', 1),
(140, 41, 'Teater', 1),
(141, 41, 'Paskibra', 1),
(142, 41, 'PMR', 1),
(143, 41, 'Robotik', 1),
(144, 41, 'Atletik', 1),
(145, 41, 'Futsal', 1),
(146, 41, 'Green Generation', 1),
(147, 41, 'Pramuka', 1),
(148, 41, 'KIR', 1),
(149, 41, 'English Club', 1),
(150, 42, 'Paskibra', 1),
(151, 42, 'Marching Band', 1),
(152, 42, 'PMR', 1),
(153, 42, 'Fotografi ', 1),
(154, 42, 'Desain Grafis', 1),
(155, 42, 'Basket', 1),
(156, 42, 'Futsal', 1),
(157, 42, 'HandBall', 1),
(158, 42, 'Voli', 1),
(159, 42, 'Tari', 1),
(160, 42, 'Seni Musik', 1),
(161, 43, 'Pramuka', 1),
(162, 43, 'Voli', 1),
(163, 43, 'Futsal', 1),
(164, 43, 'Basket', 1),
(166, 43, 'Tari', 1),
(198, 48, 'Pramuka', 1),
(199, 48, 'Paskibra', 1),
(200, 48, 'Futsal', 1),
(201, 48, 'Tapak Suci', 1),
(202, 48, 'Voli', 1),
(203, 48, 'Seni Tari', 1),
(204, 48, 'Paduan Suara', 1),
(205, 48, 'Tanimas', 1),
(206, 48, 'English Club', 1),
(207, 49, 'Pramuka', 1),
(208, 49, 'Paskibra', 1),
(209, 49, 'PMR', 1),
(210, 49, 'Teater', 1),
(211, 49, 'ESC', 1),
(212, 49, 'Komunitas Pencinta Komputer', 1),
(213, 49, 'Anak Matematika', 1),
(214, 49, 'Pecinta Akuntansi', 1),
(215, 49, 'Rohis', 1),
(216, 49, 'Futsal', 1),
(217, 49, 'Basket', 1),
(218, 51, 'Pramuka', 1),
(219, 51, 'Paskibra', 1),
(220, 51, 'Pencak Silat', 1),
(221, 51, 'Futsal', 1),
(222, 51, 'Taekwondo', 1),
(223, 51, 'Seni Tari', 1),
(224, 51, 'Hadroh', 1),
(225, 52, 'Voli', 1),
(226, 52, 'Futsal', 1),
(227, 52, 'Basket', 1),
(228, 52, 'Bela Diri', 1),
(229, 52, 'Paskibra', 1),
(230, 52, 'Pramuka', 1),
(231, 52, 'Marching Band', 1),
(233, 52, 'Seni Tari', 1),
(234, 52, 'Seni Musik', 1),
(235, 52, 'Paduan Suara', 1),
(236, 52, 'Rohis', 1),
(237, 52, 'Tahfidz Quran', 1),
(238, 52, 'Hadroh', 1),
(239, 52, 'Nasyid', 1),
(240, 54, 'Basket', 1),
(241, 54, 'Voli', 1),
(242, 54, 'Futsal', 1),
(243, 54, 'Tenis Meja', 1),
(245, 54, 'Seni Tari', 1),
(246, 54, 'Modelling', 1),
(247, 54, 'Seni Musik', 1),
(248, 54, 'Teater', 1),
(249, 54, 'Paduan Suara', 1),
(250, 54, 'Hadroh', 1),
(251, 54, 'Rohis', 1),
(252, 54, 'BTQ', 1),
(253, 54, 'Paskibra', 1),
(254, 54, 'Pramuka', 1),
(255, 54, 'PMR', 1),
(256, 54, 'English Club', 1),
(257, 55, 'Marching Band', 1),
(258, 55, 'Paskibra', 1),
(259, 55, 'Futsal', 1),
(260, 55, 'Komputer', 1),
(261, 55, 'Tapak Suci', 1),
(262, 55, 'Seni Tari', 1),
(263, 55, 'ISMUBA', 1),
(264, 56, 'Menjahit', 1),
(265, 56, 'Pramuka', 1),
(266, 56, 'Hadroh', 1),
(267, 56, 'Rohis', 1),
(268, 56, 'Futsal', 1),
(269, 58, 'Pramuka', 1),
(270, 58, 'Rohis', 1),
(271, 58, 'Nasyid', 1),
(272, 58, 'Paskibra', 1),
(273, 58, 'Futsal', 1),
(274, 58, 'Voli', 1),
(275, 58, 'Basket', 1),
(276, 58, 'Olimpiade Sains', 1),
(277, 58, 'KIR', 1),
(278, 59, 'Pramuka', 1),
(279, 59, 'Tinju', 1),
(280, 59, 'Voli', 1),
(281, 59, 'Futsal', 1),
(282, 59, 'Seni Tari', 1),
(283, 59, 'Seni Musik', 1),
(284, 59, 'English Club', 1),
(285, 59, 'Komputer', 1),
(286, 60, 'Paskibra', 1),
(287, 60, 'Pramuka', 1),
(288, 60, 'Voli', 1),
(289, 60, 'Futsal', 1),
(290, 60, 'Basket', 1),
(291, 60, 'Seni Tari', 1),
(292, 61, 'Pramuka', 1),
(293, 61, 'Futsal', 1),
(294, 61, 'Panahan', 1),
(295, 61, 'Seni Musik', 1),
(296, 62, 'Marching Band', 1),
(297, 62, 'Taekwondo', 1),
(298, 62, 'Pencak Silat', 1),
(299, 62, 'Karate', 1),
(300, 62, 'Pramuka', 1),
(301, 62, 'Paskibra', 1),
(302, 62, 'Voli', 1),
(303, 62, 'English Club', 1),
(304, 63, 'Paskibra', 1),
(305, 63, 'Paskibra', 1),
(306, 63, 'PMR', 1),
(307, 63, 'Sepak Bola', 1),
(308, 63, 'Pencak Silat', 1),
(309, 63, 'Kholaqoh Tahfidz', 1),
(310, 63, 'MTI', 1),
(311, 64, 'Hizbul Wathan', 1),
(312, 64, 'Tapak Suci', 1),
(313, 64, 'Marching Band', 1),
(314, 64, 'PKS', 1),
(315, 64, 'PMR', 1),
(316, 64, 'Paskibra', 1),
(317, 64, 'Rohis', 1),
(318, 64, 'Paduan Suara', 1),
(319, 64, 'Futsal', 1),
(320, 64, 'Basket', 1),
(321, 64, 'Voli', 1),
(322, 64, 'Study Club', 1),
(323, 64, 'KIR', 1),
(324, 64, 'Seni Musik', 1),
(325, 65, 'IPM', 1),
(326, 65, 'Hizbul Wathan', 1),
(327, 65, 'Tapak Suci', 1),
(328, 65, 'Tahfidz Quran', 1),
(329, 65, 'Seni Musik', 1),
(330, 65, 'Marawis', 1),
(331, 65, 'Seni Tari', 1),
(332, 65, 'Paskibra', 1),
(333, 65, 'Futsal', 1),
(334, 66, 'PMR', 1),
(335, 66, 'Paskibra', 1),
(336, 66, 'Pramuka', 1),
(337, 66, 'Seni Tari', 1),
(338, 66, 'Silat', 1),
(339, 67, 'Basket', 1),
(340, 67, 'Voli', 1),
(341, 67, 'Paskibra', 1),
(342, 67, 'Seni Tari', 1),
(343, 68, 'Paskibra', 1),
(344, 68, 'Voli', 1),
(345, 68, 'KIR', 1),
(346, 68, 'MT', 1),
(347, 68, 'English Club', 1),
(348, 68, 'Komputer', 1),
(349, 68, 'Futsal', 1),
(350, 68, 'Seni Musik', 1),
(351, 68, 'PMR', 1),
(352, 69, 'Komputer', 1),
(353, 69, 'English Club', 1),
(354, 69, 'Seni Tari', 1),
(355, 69, 'Futsal', 1),
(356, 69, 'MT', 1),
(357, 69, 'Pramuka', 1),
(358, 70, 'Pramuka', 1),
(359, 70, 'Futsal', 1),
(360, 70, 'Seni Tari', 1),
(361, 70, 'Desain Grafis', 1),
(362, 70, 'Hadroh', 1),
(363, 70, 'Menjahit', 1),
(364, 71, 'Renang', 1),
(365, 71, 'Basket', 1),
(366, 71, 'Bulutangkis', 1),
(367, 71, 'Tenis Meja', 1),
(368, 71, 'Futsal', 1),
(369, 71, 'Studio Musik', 1),
(370, 71, 'Teater', 1),
(371, 71, 'Memasak', 1),
(372, 71, 'Olimpiade Club', 1),
(373, 71, 'Arts Club', 1),
(374, 73, 'Pramuka', 1),
(375, 73, 'Rohis', 1),
(376, 73, 'Pramuka', 1),
(377, 73, 'Pencak Silat', 1),
(378, 73, 'Takraw', 1),
(379, 73, 'Basket', 1),
(380, 73, 'Futsal', 1),
(381, 73, 'Tari', 1),
(382, 73, 'Tinju', 1),
(383, 73, 'Tilawah', 1),
(384, 73, 'Tahsinul Qira\'ah', 1),
(385, 74, 'Paskibra', 1),
(386, 74, 'Futsal', 1),
(387, 74, 'Pramuka', 1),
(388, 74, 'Basket', 1),
(389, 74, 'Seni Tari', 1),
(390, 75, 'Paskibra', 1),
(391, 75, 'Pramuka', 1),
(392, 75, 'Basket', 1),
(393, 75, 'Futsal', 1),
(394, 75, 'Voli', 1),
(395, 75, 'Seni Tari', 1),
(396, 77, 'Rohis', 1),
(397, 77, 'Futsal', 1),
(398, 77, 'Paskibra', 1),
(399, 77, 'Pramuka', 1),
(400, 77, 'Paduan Suara', 1),
(401, 77, 'Seni Musik', 1),
(402, 77, 'Teater', 1),
(403, 79, 'Paskibra', 1),
(404, 79, 'Pramuka', 1),
(405, 79, 'Seni Tari', 1),
(406, 79, 'Basket', 1),
(407, 79, 'Pencak Silat', 1),
(408, 79, 'PMR', 1),
(409, 79, 'Bulutangkis', 1),
(410, 79, 'Hadroh', 1),
(411, 79, 'Seni Musik', 1),
(412, 79, 'Futsal', 1),
(413, 79, 'Voli', 1),
(414, 79, 'Tenis Meja', 1),
(415, 79, 'Tinju', 1),
(416, 79, 'Catur', 1),
(417, 80, 'Paskibra', 1),
(418, 80, 'Pramuka', 1),
(419, 80, 'Futsal', 1),
(420, 80, 'Voli', 1),
(421, 80, 'Paduan Suara', 1),
(422, 80, 'Olimpiade Sains', 1),
(423, 80, 'Rohis', 1),
(424, 81, 'Futsal', 1),
(425, 81, 'Voli', 1),
(426, 81, 'Basket', 1),
(427, 81, 'Silat', 1),
(428, 81, 'English Club', 1),
(429, 81, 'PMR', 1),
(431, 81, 'Sains Club', 1),
(432, 81, 'Math Club', 1),
(433, 81, 'Seni Musik', 1),
(434, 81, 'Seni Tari', 1),
(435, 81, 'Hadroh', 1),
(436, 82, 'Paskibra', 1),
(437, 82, 'Pramuka', 1),
(438, 82, 'Hadroh', 1),
(439, 82, 'Basket', 1),
(440, 82, 'Futsal', 1),
(441, 82, 'Voli', 1),
(442, 82, 'Tenis Meja', 1),
(443, 82, 'Pencak Silat', 1),
(444, 82, 'Tari', 1),
(445, 82, 'Teater', 1),
(453, 84, 'Paskibra', 1),
(454, 84, 'Pramuka', 1),
(455, 84, 'Basket', 1),
(456, 84, 'Voli', 1),
(457, 85, 'Futsal', 1),
(458, 85, 'Paskibra', 1),
(459, 85, 'Pramuka', 1),
(460, 85, 'Seni Tari', 1),
(461, 85, 'Basket', 1),
(462, 86, 'Pramuka', 1),
(463, 86, 'Futsal', 1),
(464, 86, 'PMR', 1),
(465, 86, 'BTQ', 1),
(466, 86, 'Silat', 1),
(467, 86, 'Voli', 1),
(468, 86, 'Hadroh', 1),
(469, 87, 'Paskibra', 1),
(470, 87, 'Rohis', 1),
(471, 87, 'Voli', 1),
(472, 87, 'Pramuka', 1),
(473, 87, 'Paduan Suara', 1),
(474, 87, 'Seni Tari', 1),
(475, 88, 'Pramuka', 1),
(476, 88, 'Paskibra', 1),
(477, 88, 'Futsal', 1),
(478, 88, 'Bulutangkis', 1),
(479, 88, 'Paduan Suara', 1),
(480, 88, 'Taekwondo', 1),
(481, 88, 'Hadroh', 1),
(482, 88, 'Band', 1),
(483, 88, 'Rohis', 1),
(484, 88, 'Tari', 1),
(488, 90, 'Seni Tari', 1),
(490, 90, 'Seni Musik', 1),
(491, 90, 'PMR', 1),
(492, 90, 'Futsal', 1),
(493, 90, 'Basket', 1),
(494, 90, 'Bulutangkis', 1),
(495, 90, 'Silat', 1),
(496, 90, 'Taekwondo', 1),
(497, 90, 'Voli', 1),
(498, 90, 'Rohis', 1),
(499, 90, 'Pramuka', 1),
(500, 91, 'Seni Musik', 1),
(501, 91, 'Seni Tari', 1),
(502, 91, 'Rohis', 1),
(503, 92, 'Seni Tari', 1),
(504, 92, 'Seni Musik', 1),
(505, 92, 'Basket', 1),
(506, 92, 'Pencak Silat', 1),
(507, 92, 'Futsal', 1),
(508, 92, 'Pramuka', 1),
(509, 92, 'Baca Tulis Al-Quran', 1),
(510, 93, 'Pramuka', 1),
(511, 93, 'Paskibra', 1),
(512, 93, 'Seni Tari', 1),
(513, 93, 'Seni Musik', 1),
(514, 93, 'Basket', 1),
(515, 94, 'Futsal', 1),
(516, 94, 'Pramuka', 1),
(517, 94, 'Paskibra', 1),
(518, 94, 'Seni Tari', 1),
(519, 94, 'Seni Musik', 1),
(520, 94, 'Basket', 1),
(521, 95, 'English Club', 1),
(522, 95, 'Math Club', 1),
(523, 95, 'Arabic', 1),
(524, 95, 'Sains Club', 1),
(525, 95, 'Memanah', 1),
(526, 95, 'Futsal', 1),
(527, 95, 'Hadroh', 1),
(528, 95, 'Tilawah', 1),
(529, 95, 'Taekwondo', 1),
(530, 96, 'Hadroh', 1),
(531, 96, 'Sarofal Anam', 1),
(532, 96, 'Seni Musik', 1),
(533, 96, 'Futsal', 1),
(534, 96, 'Bulutangkis', 1),
(535, 96, 'Taekwondo', 1),
(536, 96, 'Pramuka', 1),
(537, 96, 'PMR', 1),
(538, 96, 'Rohis', 1),
(539, 53, 'Pramuka', 1),
(540, 53, 'Paskibra', 1),
(541, 53, 'Seni Musik', 1),
(542, 53, 'Hadroh', 1),
(543, 53, 'Pencak Silat', 1),
(544, 53, 'Futsal', 1),
(545, 97, 'Komputer', 1),
(546, 97, 'Al-Qur\'an Dasar', 1),
(547, 97, 'Pramuka', 1),
(548, 97, 'Karate', 1),
(549, 97, 'Basket', 1),
(550, 97, 'Voli', 1),
(551, 97, 'Paskibra', 1),
(552, 97, 'Seni Tari', 1),
(553, 97, 'Teater', 1),
(554, 97, 'Rohis', 1),
(555, 97, 'PMR', 1),
(556, 98, 'Paskibra', 1),
(557, 98, 'Band', 1),
(558, 98, 'Basket', 1),
(559, 98, 'Futsal', 1),
(560, 98, 'SMART', 1),
(561, 98, 'Paduan Suara', 1),
(562, 98, 'KIR', 1),
(563, 98, 'Pramuka', 1),
(564, 98, 'Rohis', 1),
(565, 98, 'Tari', 1),
(566, 98, 'Seni Tari', 1),
(567, 98, 'Sastra', 1),
(568, 98, 'Voli', 1),
(569, 98, 'Taekwondo', 1),
(570, 99, 'Futsal', 1),
(571, 99, 'Pencak Silat', 1),
(572, 99, 'KIR', 1),
(573, 99, 'Basket', 1),
(574, 99, 'Memanah', 1),
(575, 99, 'Arabic', 1),
(576, 99, 'Robotik', 1),
(577, 99, 'English Club', 1),
(578, 99, 'Paduan Suara', 1),
(579, 99, 'Sains Club', 1),
(580, 99, 'Fotografi ', 1),
(581, 99, 'Daiah', 1),
(582, 100, 'English Club', 1),
(586, 100, 'Memanah', 1),
(587, 100, 'Futsal', 1),
(591, 100, 'Paskibra', 1),
(592, 100, 'Robotik', 1),
(593, 100, 'Pramuka', 1),
(594, 100, 'KIR', 1),
(595, 100, 'Nasyid', 1),
(596, 100, 'Kelas Motivasi', 1),
(597, 100, 'Enterpreneur Class', 1),
(598, 100, 'Mujawwad', 1),
(599, 100, 'Desain Grafis', 1),
(600, 100, 'Wushu', 1),
(601, 50, 'Basket', 1),
(602, 50, 'Pramuka', 1),
(603, 50, 'Paskibra', 1),
(604, 50, 'Voli', 1),
(605, 50, 'Paduan Suara', 1),
(606, 50, 'Marching Band', 1),
(607, 50, 'Seni Tari', 1),
(608, 50, 'Seni Musik', 1);

-- --------------------------------------------------------

--
-- Struktur dari tabel `alternative_facility`
--

CREATE TABLE `alternative_facility` (
  `id` int(11) NOT NULL,
  `alternative_id` int(11) DEFAULT NULL,
  `facility` varchar(255) DEFAULT NULL,
  `status` tinyint(2) DEFAULT 1
) ENGINE=InnoDB DEFAULT CHARSET=utf8mb4;

--
-- Dumping data untuk tabel `alternative_facility`
--

INSERT INTO `alternative_facility` (`id`, `alternative_id`, `facility`, `status`) VALUES
(1, 23, 'Ruang Kelas berAC', 1),
(2, 23, 'Lab. IPA', 1),
(3, 23, 'Lab. IPS', 1),
(4, 23, 'Lab. Komputer', 1),
(5, 23, 'Lab. Bahasa', 1),
(6, 23, 'Lap. Olahraga', 1),
(7, 23, 'UKS', 1),
(8, 23, 'Mushola', 1),
(9, 23, 'Kantin', 1),
(10, 23, 'Perpustakaan', 1),
(11, 23, 'Koperasi', 1),
(12, 23, 'Ruang Seni', 1),
(13, 23, 'Terdapat Penjaga Sekolah ', 1),
(14, 23, 'Proyektor', 1),
(15, 24, 'Lab. IPA', 1),
(16, 24, 'Lab. Komputer', 1),
(17, 24, 'Mushola', 1),
(18, 24, 'Perpustakaan', 1),
(19, 24, 'Aula', 1),
(20, 24, 'Ruang Seni', 1),
(21, 24, 'Wifi', 1),
(22, 24, 'Proyektor', 1),
(37, 26, 'Ruang Kelas ber AC', 1),
(38, 26, 'Lab. IPA', 1),
(39, 26, 'Lab. IPS', 1),
(40, 26, 'Lab. Komputer', 1),
(41, 26, 'Lap. Olahraga', 1),
(42, 26, 'UKS', 1),
(43, 26, 'Perpustakaan', 1),
(44, 26, 'Koperasi', 1),
(45, 26, 'Ruang Seni', 1),
(46, 26, 'Terdapat Penjaga Sekolah', 1),
(47, 26, 'Wifi', 1),
(48, 26, 'Proyektor', 1),
(61, 35, 'Lab. IPA', 1),
(62, 35, 'Lab. IPS', 1),
(63, 35, 'Lab. Komputer', 1),
(64, 35, 'UKS', 1),
(65, 35, 'Perpustakaan', 1),
(66, 36, 'Ruang Kelas ber AC', 1),
(67, 36, 'Kolam Renang', 1),
(68, 36, 'Lab. IPA', 1),
(69, 36, 'Lab. Komputer', 1),
(70, 36, 'Lap. Olahraga', 1),
(71, 36, 'Mushola', 1),
(72, 36, 'Kantin', 1),
(73, 36, 'Perpustakaan', 1),
(74, 36, 'Gedung Serba Guna (Aula)', 1),
(75, 36, 'Ruang Seni', 1),
(76, 36, 'CCTV', 1),
(77, 36, 'Terdapat Penjaga Sekolah', 1),
(78, 36, 'Wifi', 1),
(79, 36, 'Proyektor', 1),
(80, 37, 'Ruang Kelas ber AC', 1),
(81, 37, 'Lab. IPA', 1),
(82, 37, 'Lab. Komputer', 1),
(83, 37, 'Lab. Bahasa', 1),
(84, 37, 'Lap. Olahraga', 1),
(85, 37, 'UKS', 1),
(86, 37, 'Kantin', 1),
(87, 37, 'Perpustakaan', 1),
(88, 37, 'Gedung Serba Guna (Aula)', 1),
(89, 37, 'Terdapat Penjaga Sekolah', 1),
(90, 37, 'Ruang Seni', 1),
(91, 37, 'Koperasi', 1),
(92, 38, 'Lab. IPA', 1),
(93, 38, 'Lab. Komputer', 1),
(94, 38, 'Lap. Olahraga', 1),
(95, 38, 'UKS', 1),
(96, 38, 'Tempat Ibadah', 1),
(97, 38, 'Kantin', 1),
(98, 38, 'Perpustakaan', 1),
(99, 38, 'Gedung Serba Guna (Aula)', 1),
(100, 38, 'Terdapat Penjaga Sekolah', 1),
(101, 38, 'Proyektor', 1),
(102, 39, 'Ruang Kelas ber AC', 1),
(103, 39, 'Lab. IPA', 1),
(104, 39, 'Lab. Komputer', 1),
(105, 39, 'Lab. Bahasa', 1),
(106, 39, 'Lap. Olahraga', 1),
(107, 39, 'UKS', 1),
(108, 39, 'Tempat Ibadah', 1),
(109, 39, 'Kantin', 1),
(110, 39, 'Perpustakaan', 1),
(111, 39, 'Gedung Serba Guna (Aula)', 1),
(112, 39, 'Terdapat Penjaga Sekolah', 1),
(113, 39, 'Ruang Seni', 1),
(114, 39, 'Proyektor', 1),
(115, 40, 'Ruang Kelas ber AC', 1),
(116, 40, 'Lab. IPA', 1),
(117, 40, 'Lab. Komputer', 1),
(118, 40, 'UKS', 1),
(119, 40, 'Mushola', 1),
(120, 40, 'Perpustakaan', 1),
(121, 40, 'Gedung Serba Guna (Aula)', 1),
(122, 40, 'Koperasi', 1),
(123, 40, 'Terdapat Penjaga Sekolah', 1),
(124, 40, 'Wifi', 1),
(125, 40, 'Proyektor', 1),
(126, 41, 'Ruang Kelas ber AC', 1),
(127, 41, 'Kolam Renang', 1),
(128, 41, 'Lab. IPA', 1),
(129, 41, 'Lab. Komputer', 1),
(130, 41, 'Lab. Bahasa', 1),
(131, 41, 'Lap. Olahraga', 1),
(132, 41, 'UKS', 1),
(133, 41, 'Mushola', 1),
(134, 41, 'Kantin', 1),
(135, 41, 'Perpustakaan', 1),
(136, 41, 'Gedung Serba Guna (Aula)', 1),
(137, 41, 'Ruang Seni', 1),
(138, 41, 'Ruang Multimedia', 1),
(139, 41, 'Wifi', 1),
(140, 41, 'Proyektor', 1),
(141, 41, 'CCTV', 1),
(142, 41, 'Terdapat Penjaga Sekolah', 1),
(143, 41, 'Mobil Antar Jemput', 1),
(144, 42, 'Lab. IPA', 1),
(145, 42, 'Lab. Komputer', 1),
(146, 42, 'Lap. Olahraga', 1),
(147, 42, 'UKS', 1),
(148, 42, 'Mushola', 1),
(149, 42, 'Gedung Serba Guna (Aula)', 1),
(150, 42, 'Ruang Seni', 1),
(151, 42, 'Ruang Multimedia', 1),
(152, 42, 'Terdapat Penjaga Sekolah', 1),
(153, 43, 'Lab. IPA', 1),
(154, 43, 'Lab. Komputer', 1),
(155, 43, 'Lab. Bahasa', 1),
(156, 43, 'Lap. Olahraga', 1),
(157, 43, 'UKS', 1),
(158, 43, 'Mushola', 1),
(159, 43, 'Perpustakaan', 1),
(160, 43, 'Terdapat Penjaga Sekolah', 1),
(185, 25, 'Ruang Kelas ber AC', 1),
(186, 25, 'Lab. IPA', 1),
(187, 25, 'Lab. Komputer', 1),
(188, 25, 'Lab. Bahasa', 1),
(189, 25, 'Lap. Olahraga', 1),
(190, 25, 'UKS', 1),
(191, 25, 'Mushola', 1),
(192, 25, 'Kantin', 1),
(193, 25, 'Perpustakaan', 1),
(194, 25, 'Koperasi', 1),
(195, 25, 'Ruang Seni', 1),
(196, 25, 'CCTV', 1),
(197, 25, 'Terdapat Penjaga Sekolah', 1),
(198, 25, 'Wifi', 1),
(199, 35, 'Wifi', 1),
(201, 48, 'Lab. IPA', 1),
(202, 48, 'Lab. Komputer', 1),
(203, 48, 'Lap. Olahraga', 1),
(204, 48, 'UKS', 1),
(205, 48, 'Masjid', 1),
(206, 48, 'Perpustakaan', 1),
(207, 49, 'Lab. IPA', 1),
(208, 49, 'Lab. Komputer', 1),
(209, 49, 'Lab. Bahasa', 1),
(210, 49, 'UKS', 1),
(211, 49, 'Mushola', 1),
(212, 49, 'Kantin', 1),
(213, 49, 'Perpustakaan', 1),
(214, 49, 'Ruang Seni', 1),
(215, 49, 'Ruang Multimedia', 1),
(216, 51, 'Perpustakaan', 1),
(217, 51, 'Mushola', 1),
(218, 51, 'Kantin', 1),
(219, 51, 'Lap. Olahraga', 1),
(220, 52, 'Ruang Kelas ber AC', 1),
(221, 52, 'Masjid', 1),
(222, 52, 'Lab. IPA', 1),
(223, 52, 'Lab. Komputer', 1),
(224, 52, 'Wifi', 1),
(226, 52, 'Proyektor', 1),
(227, 52, 'CCTV', 1),
(228, 54, 'Lab. IPA', 1),
(229, 54, 'Lab. Komputer', 1),
(230, 54, 'Mushola', 1),
(231, 54, 'UKS', 1),
(232, 54, 'Perpustakaan', 1),
(233, 54, 'Aula', 1),
(234, 54, 'Ruang Seni', 1),
(235, 54, 'Ruang Mulok', 1),
(236, 54, 'Lap. Olahraga', 1),
(237, 55, 'Wifi', 1),
(238, 55, 'Perpustakaan', 1),
(239, 55, 'Mushola', 1),
(240, 55, 'Lab. Komputer', 1),
(241, 55, 'Lab. IPA', 1),
(242, 55, 'Kantin', 1),
(243, 56, 'Masjid', 1),
(244, 56, 'Asrama', 1),
(245, 56, 'Lap. Olahraga', 1),
(246, 56, 'Lap. Olahraga', 1),
(247, 56, 'Lab. Komputer', 1),
(248, 56, 'Lab. Bahasa', 1),
(249, 56, 'Ruang Menjahit', 1),
(250, 58, 'Perpustakaan', 1),
(251, 58, 'Lab. Bahasa', 1),
(252, 58, 'Lab. Komputer', 1),
(253, 58, 'Lab. IPA', 1),
(254, 58, 'Lap. Olahraga', 1),
(255, 58, 'Ruang Seni', 1),
(256, 58, 'Aula', 1),
(257, 59, 'Mushola', 1),
(258, 59, 'Perpustakaan', 1),
(259, 59, 'Lab. Komputer', 1),
(260, 59, 'Lap. Olahraga', 1),
(261, 60, 'Lab. Komputer', 1),
(262, 60, 'Lab. IPA', 1),
(263, 60, 'Lab. IPA', 1),
(264, 60, 'Lab. Perhotelan', 1),
(265, 60, 'Lap. Olahraga', 1),
(266, 60, 'Ruang Seni', 1),
(267, 60, 'Kantin', 1),
(268, 60, 'Mushola', 1),
(269, 60, 'Wifi', 1),
(270, 61, 'Lap. Olahraga', 1),
(271, 61, 'Lab. Komputer', 1),
(272, 61, 'Mushola', 1),
(273, 61, 'Alat Band', 1),
(274, 62, 'Locker Pakaian', 1),
(275, 62, 'Peralatan Pakaian', 1),
(276, 62, 'Ranjang', 1),
(277, 63, 'Masjid', 1),
(278, 63, 'Lab. IPA', 1),
(279, 63, 'Aula', 1),
(280, 63, 'Ruang Kelas ber AC', 1),
(281, 63, 'Lab. IPA', 1),
(282, 63, 'Lab. Komputer', 1),
(283, 63, 'Ruang Seni', 1),
(284, 63, 'Lap. Olahraga', 1),
(285, 63, 'Kolam Renang', 1),
(286, 63, 'Asrama', 1),
(287, 63, 'Kantin', 1),
(288, 63, 'UKS', 1),
(289, 63, 'Koperasi', 1),
(290, 63, 'Perpustakaan', 1),
(291, 64, 'Perpustakaan', 1),
(292, 64, 'Lab. Komputer', 1),
(293, 64, 'Lab. IPA', 1),
(294, 64, 'Ruang Kelas ber AC', 1),
(295, 64, 'Ruang Kelas ber AC', 1),
(296, 65, 'Masjid', 1),
(297, 65, 'Lab. Komputer', 1),
(298, 65, 'Lab. IPA', 1),
(299, 65, 'Lap. Olahraga', 1),
(300, 65, 'Wifi', 1),
(301, 65, 'Ruang Eskul', 1),
(302, 66, 'Lab. Komputer', 1),
(303, 66, 'Lab. IPA', 1),
(304, 66, 'Ruang Seni', 1),
(305, 66, 'Lap. Olahraga', 1),
(306, 66, 'Kantin', 1),
(307, 66, 'Mushola', 1),
(308, 66, 'Wifi', 1),
(309, 67, 'Lap. Olahraga', 1),
(311, 68, 'Lab. Komputer', 1),
(312, 68, 'Lab. IPA', 1),
(313, 68, 'Mushola', 1),
(314, 68, 'Kantin', 1),
(315, 68, 'Lab. Bahasa', 1),
(316, 68, 'Perpustakaan', 1),
(317, 69, 'Lab. IPA', 1),
(318, 69, 'Lab. Komputer', 1),
(319, 69, 'Perpustakaan', 1),
(320, 69, 'Aula', 1),
(321, 69, 'Mushola', 1),
(322, 69, 'Lap. Olahraga', 1),
(323, 69, 'Aula', 1),
(324, 70, 'Wifi', 1),
(325, 70, 'Proyektor', 1),
(326, 70, 'Perpustakaan', 1),
(327, 70, 'Lap. Olahraga', 1),
(328, 70, 'Lab. IPA', 1),
(329, 70, 'Lab. Komputer', 1),
(330, 70, 'Mushola', 1),
(331, 71, 'Ruang Kelas ber AC', 1),
(332, 71, 'Lap. Olahraga', 1),
(333, 71, 'Studio Penyiaran', 1),
(334, 71, 'Area Memasak', 1),
(335, 71, 'Kolam Renang', 1),
(336, 71, 'Perpustakaan', 1),
(337, 71, 'Lab. IPA', 1),
(338, 71, 'Lab. Bahasa', 1),
(339, 71, 'Ruang Gym', 1),
(340, 71, 'Ruang Dance', 1),
(341, 71, 'Proyektor', 1),
(342, 71, 'Wifi', 1),
(343, 71, 'CCTV', 1),
(344, 73, 'Lab. IPA', 1),
(345, 73, 'Lab. Komputer', 1),
(346, 73, 'Perpustakaan', 1),
(347, 73, 'Aula', 1),
(348, 73, 'Kantin', 1),
(349, 73, 'UKS', 1),
(350, 73, 'Masjid', 1),
(351, 74, 'Lab. IPA', 1),
(352, 74, 'Lab. Komputer', 1),
(353, 74, 'Perpustakaan', 1),
(354, 74, 'Lap. Olahraga', 1),
(355, 74, 'UKS', 1),
(356, 74, 'Mushola', 1),
(357, 75, 'Lab. IPA', 1),
(358, 75, 'Lab. Komputer', 1),
(359, 75, 'Perpustakaan', 1),
(360, 75, 'Lap. Olahraga', 1),
(361, 75, 'Masjid', 1),
(362, 77, 'Lap. Olahraga', 1),
(363, 77, 'Ruang Seni', 1),
(364, 77, 'Lab. Komputer', 1),
(365, 77, 'Perpustakaan', 1),
(366, 77, 'Wifi', 1),
(367, 79, 'Lap. Olahraga', 1),
(368, 79, 'Perpustakaan', 1),
(369, 79, 'Kartu Jaminan Asuransi Jiwa', 1),
(370, 79, 'Perpustakaan', 1),
(371, 79, 'Lab. Komputer', 1),
(372, 79, 'Lab. IPA', 1),
(373, 79, 'Ruang Multimedia', 1),
(374, 79, 'UKS', 1),
(375, 79, 'Mushola', 1),
(376, 79, 'Wifi', 1),
(377, 79, 'Kantin', 1),
(378, 80, 'Lab. IPA', 1),
(379, 80, 'Perpustakaan', 1),
(380, 80, 'Kantin', 1),
(381, 81, 'Lab. Komputer', 1),
(382, 81, 'Lab. IPA', 1),
(383, 81, 'Lap. Olahraga', 1),
(384, 81, 'Mushola', 1),
(385, 81, 'Perpustakaan', 1),
(386, 81, 'Aula', 1),
(387, 81, 'Ruang Seni', 1),
(388, 81, 'Kantin', 1),
(389, 81, 'UKS', 1),
(390, 81, 'Wifi', 1),
(391, 81, 'Proyektor', 1),
(392, 82, 'Lab. IPA', 1),
(393, 82, 'Mushola', 1),
(394, 82, 'Lap. Olahraga', 1),
(395, 82, 'Perpustakaan', 1),
(403, 84, 'Lab. IPA', 1),
(404, 84, 'Lab. Komputer', 1),
(405, 84, 'Perpustakaan', 1),
(406, 84, 'Lap. Olahraga', 1),
(407, 84, 'UKS', 1),
(408, 84, 'Kantin', 1),
(409, 85, 'Lab. IPA', 1),
(410, 85, 'Lab. Komputer', 1),
(411, 85, 'Perpustakaan', 1),
(412, 85, 'Lap. Olahraga', 1),
(413, 85, 'Mushola', 1),
(414, 85, 'Wifi', 1),
(415, 85, 'Proyektor', 1),
(416, 86, 'Wifi', 1),
(417, 86, 'Lab. Komputer', 1),
(418, 86, 'Lap. Olahraga', 1),
(419, 86, 'Perpustakaan', 1),
(420, 86, 'Ruang Seni', 1),
(421, 87, 'Lab. IPA', 1),
(422, 87, 'Lab. Komputer', 1),
(423, 87, 'Perpustakaan', 1),
(424, 87, 'Lap. Olahraga', 1),
(425, 87, 'Mushola', 1),
(426, 87, 'UKS', 1),
(427, 88, 'UKS', 1),
(428, 88, 'Lap. Olahraga', 1),
(429, 88, 'Lab. IPA', 1),
(430, 88, 'Lab. Komputer', 1),
(431, 88, 'Perpustakaan', 1),
(432, 88, 'Mushola', 1),
(437, 90, 'Masjid', 1),
(438, 90, 'Perpustakaan', 1),
(439, 90, 'UKS', 1),
(440, 90, 'Kantin', 1),
(441, 90, 'Lab. Komputer', 1),
(442, 90, 'Lab. IPA', 1),
(443, 90, 'Lap. Olahraga', 1),
(444, 91, 'Lab. IPA', 1),
(445, 91, 'UKS', 1),
(446, 91, 'Kantin', 1),
(447, 91, 'Perpustakaan', 1),
(448, 91, 'Mushola', 1),
(449, 91, 'Lap. Olahraga', 1),
(450, 92, 'Wifi', 1),
(451, 92, 'Perpustakaan', 1),
(452, 92, 'Lap. Olahraga', 1),
(453, 92, 'Mushola', 1),
(454, 92, 'Kantin', 1),
(455, 92, 'Lab. Komputer', 1),
(457, 92, 'Lab. IPA', 1),
(458, 92, 'Lab. Bahasa', 1),
(459, 92, 'CCTV', 1),
(460, 93, 'Lab. IPA', 1),
(461, 93, 'Lab. Komputer', 1),
(462, 93, 'Perpustakaan', 1),
(463, 93, 'Lap. Olahraga', 1),
(464, 93, 'UKS', 1),
(465, 93, 'Kantin', 1),
(467, 94, 'Lab. IPA', 1),
(468, 94, 'Lab. Komputer', 1),
(469, 94, 'Perpustakaan', 1),
(470, 94, 'Lap. Olahraga', 1),
(471, 94, 'Mushola', 1),
(472, 95, 'Ruang Kelas ber AC', 1),
(473, 95, 'Lap. Olahraga', 1),
(474, 95, 'Kantin', 1),
(475, 95, 'Masjid', 1),
(476, 95, 'Wifi', 1),
(477, 95, 'Aula', 1),
(478, 95, 'Perpustakaan', 1),
(479, 95, 'Mobil Antar Jemput', 1),
(480, 95, 'UKS', 1),
(481, 96, 'Perpustakaan', 1),
(482, 96, 'Lab. Komputer', 1),
(483, 96, 'Lab. IPA', 1),
(484, 96, 'Lab. Matematika', 1),
(485, 96, 'Ruang Seni', 1),
(486, 53, 'Lab. IPA', 1),
(487, 53, 'Lab. Komputer', 1),
(488, 53, 'Perpustakaan', 1),
(489, 53, 'Lap. Olahraga', 1),
(490, 53, 'Kantin', 1),
(491, 97, 'Perpustakaan', 1),
(492, 97, 'Lab. Komputer', 1),
(493, 97, 'Lab. IPA', 1),
(494, 97, 'Ruang Seni', 1),
(495, 97, 'Mushola', 1),
(496, 97, 'Kantin', 1),
(497, 97, 'Kantin', 1),
(498, 97, 'Koperasi', 1),
(499, 97, 'Wifi', 1),
(500, 97, 'Lap. Olahraga', 1),
(501, 98, 'Lab. Komputer', 1),
(502, 98, 'Lab. IPA', 1),
(503, 98, 'Ruang Multimedia', 1),
(504, 98, 'Perpustakaan', 1),
(505, 98, 'Ruang Mulok', 1),
(506, 98, 'Lab. Bahasa', 1),
(507, 98, 'Lap. Olahraga', 1),
(508, 98, 'Studio Musik', 1),
(509, 98, 'Aula', 1),
(510, 98, 'Mushola', 1),
(511, 98, 'UKS', 1),
(512, 98, 'Wifi', 1),
(513, 98, 'Kantin', 1),
(514, 98, 'CCTV', 1),
(515, 98, 'Koperasi', 1),
(516, 99, 'Wifi', 1),
(517, 99, 'Lab. Komputer', 1),
(518, 99, 'Lab. Bahasa', 1),
(519, 99, 'Masjid', 1),
(520, 99, 'Aula', 1),
(521, 99, 'UKS', 1),
(522, 99, 'Lap. Olahraga', 1),
(523, 99, 'Lab. IPA', 1),
(524, 99, 'Kantin', 1),
(525, 100, 'Ruang Kelas ber AC', 1),
(526, 100, 'Masjid', 1),
(527, 100, 'Perpustakaan', 1),
(528, 100, 'Wifi', 1),
(529, 100, 'UKS', 1),
(530, 100, 'Aula', 1),
(531, 100, 'Lap. Olahraga', 1),
(533, 100, 'Kantin', 1),
(534, 100, 'Mobil Antar Jemput', 1),
(535, 50, 'Lab. IPA', 1),
(536, 50, 'Lab. Komputer', 1),
(537, 50, 'Perpustakaan', 1),
(538, 50, 'Lap. Olahraga', 1),
(539, 50, 'UKS', 1),
(540, 50, 'Kantin', 1);

-- --------------------------------------------------------

--
-- Struktur dari tabel `alternative_location`
--

CREATE TABLE `alternative_location` (
  `id` int(11) NOT NULL,
  `alternative_id` int(11) DEFAULT NULL,
  `location` varchar(255) DEFAULT NULL,
  `status` tinyint(2) DEFAULT 1
) ENGINE=InnoDB DEFAULT CHARSET=utf8mb4;

--
-- Dumping data untuk tabel `alternative_location`
--

INSERT INTO `alternative_location` (`id`, `alternative_id`, `location`, `status`) VALUES
(1, 23, 'Di dekat wilayah permukiman warga', 1),
(2, 23, 'Di pinggir jalan kecil (lorong/gang)', 1),
(3, 24, 'Di dekat wilayah perkantoran', 1),
(4, 24, 'Di dekat wilayah permukiman warga', 1),
(5, 24, 'Di pinggir jalan kecil (lorong/gang)', 1),
(6, 25, 'Di pinggir jalan besar (jalan raya)', 1),
(7, 25, 'Di dekat wilayah permukiman warga', 1),
(8, 26, 'Di pinggir jalan besar (jalan raya)', 1),
(9, 26, 'Di dekat wilayah perkantoran', 1),
(10, 26, 'Di dekat wilayah pertokoan', 1),
(15, 35, 'Di dekat wilayah permukiman warga', 1),
(16, 35, 'Di pinggir jalan kecil (lorong/gang)', 1),
(17, 36, 'Di pinggir jalan besar (jalan raya)', 1),
(18, 36, 'Di dekat wilayah perkantoran', 1),
(19, 36, 'Di dekat wilayah pertokoan', 1),
(20, 37, 'Di pinggir jalan besar (jalan raya)', 1),
(21, 37, 'Di dekat wilayah pertokoan', 1),
(22, 38, 'Di pinggir jalan besar (jalan raya)', 1),
(23, 38, 'Di dekat wilayah permukiman warga', 1),
(24, 39, 'Di pinggir jalan besar (jalan raya)', 1),
(25, 39, 'Di dekat wilayah perkantoran', 1),
(26, 39, 'Di dekat wilayah pertokoan', 1),
(27, 40, 'Di dekat wilayah permukiman warga', 1),
(28, 40, 'Di pinggir jalan kecil (lorong/gang)', 1),
(29, 40, 'Di dekat wilayah pertokoan', 1),
(30, 41, 'Di pinggir jalan besar (jalan raya)', 1),
(31, 41, 'Di dekat wilayah perkantoran', 1),
(32, 42, 'Di dekat wilayah permukiman warga', 1),
(33, 42, 'Di pinggir jalan kecil (lorong/gang)', 1),
(34, 42, 'Di dekat wilayah pertokoan', 1),
(35, 43, 'Di pinggir jalan besar (jalan raya)', 1),
(36, 43, 'Di dekat wilayah permukiman warga', 1),
(45, 48, 'Di pinggir jalan besar (jalan raya)', 1),
(46, 48, 'Di dekat wilayah permukiman warga', 1),
(47, 49, 'Di dekat wilayah permukiman warga', 1),
(48, 49, 'Di pinggir jalan kecil (lorong/gang)', 1),
(49, 49, 'Di dekat wilayah pertokoan', 1),
(50, 51, 'Di dekat wilayah permukiman warga', 1),
(51, 52, 'Di dekat wilayah permukiman warga', 1),
(52, 54, 'Di dekat wilayah permukiman warga', 1),
(53, 55, 'Di dekat wilayah permukiman warga', 1),
(54, 56, 'Di pinggir jalan besar (jalan raya)', 1),
(55, 56, 'Di dekat wilayah permukiman warga', 1),
(56, 58, 'Di dekat wilayah permukiman warga', 1),
(57, 59, 'Di dekat wilayah permukiman warga', 1),
(58, 60, 'Di pinggir jalan besar (jalan raya)', 1),
(59, 61, 'Di dekat wilayah permukiman warga', 1),
(60, 62, 'Di dekat wilayah permukiman warga', 1),
(61, 62, 'Di pinggir jalan kecil (lorong/gang)', 1),
(62, 63, 'Di dekat wilayah permukiman warga', 1),
(63, 64, 'Di dekat wilayah permukiman warga', 1),
(64, 64, 'Di pinggir jalan kecil (lorong/gang)', 1),
(65, 65, 'Di pinggir jalan besar (jalan raya)', 1),
(66, 66, 'Di pinggir jalan besar (jalan raya)', 1),
(67, 67, 'Di dekat wilayah permukiman warga', 1),
(68, 67, 'Di pinggir jalan kecil (lorong/gang)', 1),
(69, 68, 'Di pinggir jalan kecil (lorong/gang)', 1),
(70, 69, 'Di dekat wilayah permukiman warga', 1),
(71, 71, 'Di pinggir jalan besar (jalan raya)', 1),
(72, 73, 'Di dekat wilayah permukiman warga', 1),
(73, 74, 'Di dekat wilayah permukiman warga', 1),
(74, 75, 'Di dekat wilayah permukiman warga', 1),
(75, 77, 'Di pinggir jalan kecil (lorong/gang)', 1),
(76, 79, 'Di pinggir jalan kecil (lorong/gang)', 1),
(77, 80, 'Di pinggir jalan kecil (lorong/gang)', 1),
(78, 81, 'Di pinggir jalan kecil (lorong/gang)', 1),
(79, 82, 'Di pinggir jalan kecil (lorong/gang)', 1),
(81, 84, 'Di dekat wilayah permukiman warga', 1),
(82, 84, 'Di pinggir jalan kecil (lorong/gang)', 1),
(83, 85, 'Di pinggir jalan besar (jalan raya)', 1),
(84, 86, 'Di dekat wilayah permukiman warga', 1),
(85, 86, 'Di dekat wilayah pertokoan', 1),
(86, 87, 'Di pinggir jalan besar (jalan raya)', 1),
(87, 88, 'Di pinggir jalan besar (jalan raya)', 1),
(88, 88, 'Di dekat wilayah pertokoan', 1),
(90, 90, 'Di pinggir jalan besar (jalan raya)', 1),
(91, 91, 'Di dekat wilayah permukiman warga', 1),
(92, 92, 'Di dekat wilayah permukiman warga', 1),
(94, 93, 'Di dekat wilayah permukiman warga', 1),
(95, 93, 'Di pinggir jalan kecil (lorong/gang)', 1),
(96, 94, 'Di pinggir jalan kecil (lorong/gang)', 1),
(97, 95, 'Di pinggir jalan besar (jalan raya)', 1),
(98, 95, 'Di dekat wilayah perkantoran', 1),
(99, 96, 'Di dekat wilayah permukiman warga', 1),
(100, 53, 'Di pinggir jalan besar (jalan raya)', 1),
(101, 97, 'Di pinggir jalan besar (jalan raya)', 1),
(102, 99, 'Di pinggir jalan besar (jalan raya)', 1),
(103, 100, 'Di pinggir jalan besar (jalan raya)', 1),
(104, 50, 'Di pinggir jalan besar (jalan raya)', 1);

-- --------------------------------------------------------

--
-- Struktur dari tabel `alternative_location_asset`
--

CREATE TABLE `alternative_location_asset` (
  `id` int(11) NOT NULL,
  `alternative_id` int(11) DEFAULT NULL,
  `image` varchar(50) CHARACTER SET latin1 DEFAULT NULL,
  `status` tinyint(2) DEFAULT 1
) ENGINE=InnoDB DEFAULT CHARSET=utf8mb4;

--
-- Dumping data untuk tabel `alternative_location_asset`
--

INSERT INTO `alternative_location_asset` (`id`, `alternative_id`, `image`, `status`) VALUES
(13, 23, 'srijaya lokasi1.jpg', 1),
(14, 23, 'srijaya lokasi2.jpg', 1),
(15, 24, 'ethikalok1.jpg', 1),
(16, 24, 'ethikalok2.jpg', 1),
(19, 25, 'smaazzahrah1.jpg', 1),
(20, 25, 'smaazzahrah2.jpg', 1),
(21, 26, 'xavega1.jpg', 1),
(22, 26, 'xavega2.jpg', 1),
(23, 35, 'binakarya1.jpg', 1),
(24, 35, 'binakarya2.jpg', 1),
(27, 36, 'kumbang1.jpg', 1),
(28, 36, 'kumbang2.jpg', 1),
(29, 37, 'smaxaverius41.jpg', 1),
(30, 37, 'smaxaverius42.jpg', 1),
(31, 38, 'smaxaverius21.jpg', 1),
(32, 38, 'smaxaverius22.jpg', 1),
(33, 39, 'smametho1.jpg', 1),
(34, 39, 'smametho2.jpg', 1),
(35, 40, 'smamuh11.jpg', 1),
(36, 40, 'smamuh12.jpg', 1),
(37, 41, 'igm11.jpg', 1),
(38, 41, 'igm12.jpg', 1),
(39, 42, 'smapusri1.jpg', 1),
(42, 43, 'binalestari1.jpg', 1),
(43, 43, 'binalestari2.jpg', 1),
(46, 48, 'smamuh81.jpg', 1),
(47, 48, 'smamuh82.jpg', 1),
(48, 49, 'smapgri21.jpg', 1),
(49, 49, 'smapgri22.jpg', 1),
(50, 51, 'pgri01 lokasi.png', 1),
(51, 52, 'binawarga1ak.PNG', 1),
(52, 54, 'binawarga2lok.PNG', 1),
(53, 55, 'muhlok.PNG', 1),
(54, 56, 'alamalullok.PNG', 1),
(55, 58, 'binaciptalok.PNG', 1),
(56, 59, 'baktiibulok.PNG', 1),
(57, 60, 'mardiwacanalok.PNG', 1),
(58, 61, 'pgri3lok.PNG', 1),
(59, 62, 'tarunalok.PNG', 1),
(60, 63, 'aziziahlok.PNG', 1),
(61, 64, 'aisyiyahlok.PNG', 1),
(62, 65, 'muh4lok.PNG', 1),
(63, 66, 'arindalok.PNG', 1),
(64, 67, 'rakartinilok.PNG', 1),
(65, 69, 'smapramulalok.PNG', 1),
(66, 70, 'adabiyahlok.PNG', 1),
(67, 71, 'igslok.PNG', 1),
(68, 73, 'nurulamallok.PNG', 1),
(69, 75, 'fitraabdilok.PNG', 1),
(70, 77, 'shailendralok.PNG', 1),
(71, 79, 'ywkalok.PNG', 1),
(72, 80, 'karyasaktilokasi.PNG', 1),
(73, 82, 'daarulaitamlok.PNG', 1),
(74, 84, 'methodist3lok.PNG', 1),
(75, 85, 'bsilok.PNG', 1),
(76, 87, 'tridarmalok.PNG', 1),
(77, 88, 'sumseljayalok.PNG', 1),
(78, 90, 'ibalok.PNG', 1),
(79, 91, 'teladanlok.jpg', 1),
(80, 92, 'tamansiswalok.PNG', 1),
(81, 93, 'srigunalok.PNG', 1),
(82, 94, 'binakaryaplajulok.PNG', 1),
(83, 95, 'izzuddinlok.PNG', 1),
(84, 96, 'assanadiyahlok.PNG', 1),
(85, 53, 'pgri5lok.PNG', 1),
(86, 97, 'sjakhyakirtilok.PNG', 1),
(87, 98, 'patramandirilok.PNG', 1),
(88, 99, 'italfurqonlok.PNG', 1),
(89, 100, 'itbinailmilok.PNG', 1),
(90, 50, 'xaverius1lok.PNG', 1);

-- --------------------------------------------------------

--
-- Struktur dari tabel `alternative_requirement_document_asset`
--

CREATE TABLE `alternative_requirement_document_asset` (
  `id` int(11) NOT NULL,
  `alternative_id` int(11) DEFAULT NULL,
  `image` varchar(50) CHARACTER SET latin1 DEFAULT NULL,
  `status` tinyint(2) DEFAULT 1
) ENGINE=InnoDB DEFAULT CHARSET=utf8mb4;

--
-- Dumping data untuk tabel `alternative_requirement_document_asset`
--

INSERT INTO `alternative_requirement_document_asset` (`id`, `alternative_id`, `image`, `status`) VALUES
(13, 23, '1srijaya.jpg', 1),
(14, 23, '2srijaya.jpg', 1),
(15, 24, 'eth1.jpg', 1),
(16, 24, 'eth2.jpg', 1),
(18, 25, 'smazzahrah.jpg', 1),
(19, 26, 'pdf-xavega.pdf', 1),
(20, 35, 'binakarya.jpg', 1),
(23, 36, 'kum1.jpg', 1),
(24, 36, 'kum2.jpg', 1),
(25, 37, 'xaverius4.jpg', 1),
(26, 37, 'xaverius41.jpg', 1),
(27, 38, 'xav21.jpg', 1),
(28, 38, 'xav22.jpg', 1),
(29, 39, 'methodist1.jpg', 1),
(30, 40, 'muh1.jpeg', 1),
(31, 41, 'igm1.jpg', 1),
(32, 41, 'igm2.jpg', 1),
(33, 42, 'pusri.jpg', 1),
(35, 48, 'muh8.jpg', 1),
(36, 49, 'a.jpeg', 1),
(37, 49, 'b.jpeg', 1),
(38, 51, 'pgri1.PNG', 1),
(39, 52, 'binawarga11.PNG', 1),
(40, 54, 'binawarga22.PNG', 1),
(41, 55, 'muh31.jpg', 1),
(42, 55, 'muh32.jpg', 1),
(43, 56, 'alamalul1.jpg', 1),
(44, 56, 'alamalul2.jpg', 1),
(45, 58, 'binaciptabrosurbaru.jpg', 1),
(46, 59, 'smabaktiibu8.jpg', 1),
(47, 60, 'smamardiwacana.jpg', 1),
(48, 61, 'pgri3brow.jpg', 1),
(49, 62, 'taruna1.PNG', 1),
(50, 62, 'taruna2.PNG', 1),
(51, 62, 'taruna3.PNG', 1),
(52, 62, 'taruna4.PNG', 1),
(53, 62, 'taruna5.PNG', 1),
(54, 62, 'taruna6.PNG', 1),
(55, 63, 'aziziah.jpg', 1),
(56, 64, 'AISIYAH1.jpeg', 1),
(57, 64, 'AISIYAH2.jpeg', 1),
(58, 65, 'muh41.jpg', 1),
(59, 65, 'muh42.jpg', 1),
(60, 65, 'muh43.jpg', 1),
(61, 65, 'muh44.jpg', 1),
(62, 66, 'arinda1.PNG', 1),
(63, 66, 'arinda2.PNG', 1),
(64, 66, 'arinda3.PNG', 1),
(65, 66, 'arinda4.PNG', 1),
(66, 67, 'ra kartini brow.PNG', 1),
(67, 68, 'dharmabakti.PNG', 1),
(68, 69, 'pramula1.jpeg', 1),
(69, 69, 'pramula2.jpeg', 1),
(70, 70, 'adabiyahbrow.PNG', 1),
(71, 71, 'igsbrow.PNG', 1),
(72, 73, 'nurulamalbro.jpg', 1),
(73, 74, 'ypitunasbangsabrow1.jpg', 1),
(74, 74, 'ypitunasbangsabrow2.jpg', 1),
(75, 75, 'fitraabdibrow1.jpg', 1),
(76, 75, 'fitraabdibrow2.jpg', 1),
(77, 77, 'shailendra01.jpg', 1),
(78, 77, 'shailendra02.jpg', 1),
(79, 77, 'shailendra03.jpg', 1),
(80, 79, 'ywkaplg.jpg', 1),
(81, 80, 'karyasakti1.jpg', 1),
(82, 80, 'karyasakti2.jpg', 1),
(83, 81, 'mandiri1.jpg', 1),
(84, 81, 'mandiri2.jpg', 1),
(85, 81, 'mandiri3.jpg', 1),
(86, 82, 'daarulaitambrow.jpg', 1),
(87, 84, 'methodist3brow.jpg', 1),
(88, 85, 'bsibrow1.PNG', 1),
(89, 85, 'bsibrow2.PNG', 1),
(90, 87, 'tridarma.PNG', 1),
(91, 88, 'sumseljayabrow.jpg', 1),
(92, 90, 'ibabrow.jpg', 1),
(93, 90, 'ibabrow1.jpg', 1),
(94, 90, 'ibabrow3.jpg', 1),
(95, 91, 'teladanbrow.jpg', 1),
(96, 92, 'tamansiswabrow1.jpg', 1),
(97, 92, 'tamansiswabrow2.jpg', 1),
(98, 93, 'srigunabrow.jpg', 1),
(99, 94, 'binakaryaplajubrow.jpg', 1),
(100, 95, 'izzuddinbrow.jpg', 1),
(101, 96, 'assanadiyahbrow1.jpg', 1),
(102, 96, 'assanadiyahbrow2.jpg', 1),
(103, 53, 'pgri5brow.PNG', 1),
(104, 97, 'sjakhyakirtibrow.jpg', 1),
(105, 98, 'BROSUR TP.2020-2021.pdf', 1),
(106, 99, 'BROSUR SMA.pdf', 1),
(107, 100, 'itbinailmibrow1.jpg', 1),
(108, 100, 'itbinailmibrow2.jpg', 1),
(109, 100, 'itbinailmibrow3.jpg', 1),
(110, 50, 'xaverius1brow.jpg', 1),
(111, 50, 'xaverius1brow1.jpg', 1);

-- --------------------------------------------------------

--
-- Struktur dari tabel `alternative_value`
--

CREATE TABLE `alternative_value` (
  `id` int(11) NOT NULL,
  `alternative_id` int(11) DEFAULT NULL,
  `criteria_id` int(11) DEFAULT NULL,
  `criterion_value_id` int(11) DEFAULT NULL,
  `status` tinyint(2) DEFAULT 1
) ENGINE=InnoDB DEFAULT CHARSET=utf8mb4;

--
-- Dumping data untuk tabel `alternative_value`
--

INSERT INTO `alternative_value` (`id`, `alternative_id`, `criteria_id`, `criterion_value_id`, `status`) VALUES
(244, 26, 11, 1, 1),
(245, 26, 12, 7, 1),
(246, 26, 13, 11, 1),
(247, 26, 14, 17, 1),
(248, 26, 15, 23, 1),
(249, 26, 16, 29, 1),
(250, 26, 17, 30, 1),
(251, 26, 18, 35, 1),
(252, 26, 19, 41, 1),
(253, 35, 11, 3, 1),
(254, 35, 12, 8, 1),
(255, 35, 13, 13, 1),
(256, 35, 14, 17, 1),
(257, 35, 15, 20, 1),
(258, 35, 16, 25, 1),
(259, 35, 17, 32, 1),
(260, 35, 18, 35, 1),
(261, 35, 19, 42, 1),
(262, 36, 11, 1, 1),
(263, 36, 12, 7, 1),
(264, 36, 13, 11, 1),
(265, 36, 14, 18, 1),
(266, 36, 15, 24, 1),
(267, 36, 16, 29, 1),
(268, 36, 17, 30, 1),
(269, 36, 18, 35, 1),
(270, 36, 19, 43, 1),
(271, 37, 11, 1, 1),
(272, 37, 12, 7, 1),
(273, 37, 13, 13, 1),
(274, 37, 14, 18, 1),
(275, 37, 15, 21, 1),
(276, 37, 16, 27, 1),
(277, 37, 17, 30, 1),
(278, 37, 18, 36, 1),
(279, 37, 19, 42, 1),
(280, 38, 11, 1, 1),
(281, 38, 12, 8, 1),
(282, 38, 13, 13, 1),
(283, 38, 14, 15, 1),
(284, 38, 15, 21, 1),
(285, 38, 16, 27, 1),
(286, 38, 17, 30, 1),
(287, 38, 18, 37, 1),
(288, 38, 19, 43, 1),
(289, 39, 11, 1, 1),
(290, 39, 12, 7, 1),
(291, 39, 13, 13, 1),
(292, 39, 14, 15, 1),
(293, 39, 15, 22, 1),
(294, 39, 16, 27, 1),
(295, 39, 17, 30, 1),
(296, 39, 18, 35, 1),
(297, 39, 19, 42, 1),
(298, 40, 11, 1, 1),
(299, 40, 12, 7, 1),
(300, 40, 13, 13, 1),
(301, 40, 14, 17, 1),
(302, 40, 15, 21, 1),
(303, 40, 16, 26, 1),
(304, 40, 17, 32, 1),
(305, 40, 18, 35, 1),
(306, 40, 19, 42, 1),
(307, 41, 11, 1, 1),
(308, 41, 12, 6, 1),
(309, 41, 13, 11, 1),
(310, 41, 14, 18, 1),
(311, 41, 15, 24, 1),
(312, 41, 16, 29, 1),
(313, 41, 17, 30, 1),
(314, 41, 18, 36, 1),
(315, 41, 19, 43, 1),
(316, 42, 11, 1, 1),
(317, 42, 12, 8, 1),
(318, 42, 13, 12, 1),
(319, 42, 14, 18, 1),
(320, 42, 15, 21, 1),
(321, 42, 16, 28, 1),
(322, 42, 17, 32, 1),
(323, 42, 18, 35, 1),
(324, 42, 19, 43, 1),
(325, 43, 11, 2, 1),
(326, 43, 12, 8, 1),
(327, 43, 13, 13, 1),
(328, 43, 14, 18, 1),
(329, 43, 15, 20, 1),
(330, 43, 16, 25, 1),
(331, 43, 17, 30, 1),
(332, 43, 18, 35, 1),
(333, 43, 19, 39, 1),
(397, 23, 11, 1, 1),
(398, 23, 12, 7, 1),
(399, 23, 13, 12, 1),
(400, 23, 14, 16, 1),
(401, 23, 15, 20, 1),
(402, 23, 16, 25, 1),
(403, 23, 17, 32, 1),
(404, 23, 18, 35, 1),
(405, 23, 19, 41, 1),
(424, 24, 11, 2, 1),
(425, 24, 12, 8, 1),
(426, 24, 13, 13, 1),
(427, 24, 14, 17, 1),
(428, 24, 15, 20, 1),
(429, 24, 16, 25, 1),
(430, 24, 17, 31, 1),
(431, 24, 18, 36, 1),
(432, 24, 19, 42, 1),
(433, 25, 11, 1, 1),
(434, 25, 12, 7, 1),
(435, 25, 13, 12, 1),
(436, 25, 14, 18, 1),
(437, 25, 15, 21, 1),
(438, 25, 16, 29, 1),
(439, 25, 17, 30, 1),
(440, 25, 18, 35, 1),
(441, 25, 19, 39, 1),
(442, 48, 11, 3, 1),
(443, 48, 12, 8, 1),
(444, 48, 13, 13, 1),
(445, 48, 14, 18, 1),
(446, 48, 15, 20, 1),
(447, 48, 16, 25, 1),
(448, 48, 17, 30, 1),
(449, 48, 18, 35, 1),
(450, 48, 19, 43, 1),
(451, 49, 11, 1, 1),
(452, 49, 12, 8, 1),
(453, 49, 13, 12, 1),
(454, 49, 14, 17, 1),
(455, 49, 15, 21, 1),
(456, 49, 16, 26, 1),
(457, 49, 17, 32, 1),
(458, 49, 18, 35, 1),
(459, 49, 19, 40, 1),
(460, 51, 11, 1, 1),
(461, 51, 12, 9, 1),
(462, 51, 13, 13, 1),
(463, 51, 14, 17, 1),
(464, 51, 15, 21, 1),
(465, 51, 16, 25, 1),
(466, 51, 17, 32, 1),
(467, 51, 18, 37, 1),
(468, 51, 19, 39, 1),
(469, 52, 11, 1, 1),
(470, 52, 12, 8, 1),
(471, 52, 13, 12, 1),
(472, 52, 14, 16, 1),
(473, 52, 15, 21, 1),
(474, 52, 16, 25, 1),
(475, 52, 17, 32, 1),
(476, 52, 18, 36, 1),
(477, 52, 19, 40, 1),
(478, 54, 11, 1, 1),
(479, 54, 12, 8, 1),
(480, 54, 13, 11, 1),
(481, 54, 14, 17, 1),
(482, 54, 15, 20, 1),
(483, 54, 16, 25, 1),
(484, 54, 17, 32, 1),
(485, 54, 18, 36, 1),
(486, 54, 19, 40, 1),
(487, 55, 11, 1, 1),
(488, 55, 12, 8, 1),
(489, 55, 13, 13, 1),
(490, 55, 14, 17, 1),
(491, 55, 15, 20, 1),
(492, 55, 16, 25, 1),
(493, 55, 17, 32, 1),
(494, 55, 18, 36, 1),
(495, 55, 19, 40, 1),
(496, 56, 11, 1, 1),
(497, 56, 12, 8, 1),
(498, 56, 13, 14, 1),
(499, 56, 14, 18, 1),
(500, 56, 15, 22, 1),
(501, 56, 16, 26, 1),
(502, 56, 17, 30, 1),
(503, 56, 18, 37, 1),
(504, 56, 19, 40, 1),
(505, 58, 11, 1, 1),
(506, 58, 12, 8, 1),
(507, 58, 13, 13, 1),
(508, 58, 14, 17, 1),
(509, 58, 15, 20, 1),
(510, 58, 16, 25, 1),
(511, 58, 17, 32, 1),
(512, 58, 18, 37, 1),
(513, 58, 19, 42, 1),
(514, 59, 11, 2, 1),
(515, 59, 12, 9, 1),
(516, 59, 13, 13, 1),
(517, 59, 14, 17, 1),
(518, 59, 15, 20, 1),
(519, 59, 16, 25, 1),
(520, 59, 17, 32, 1),
(521, 59, 18, 37, 1),
(522, 59, 19, 41, 1),
(523, 60, 11, 2, 1),
(524, 60, 12, 8, 1),
(525, 60, 13, 13, 1),
(526, 60, 14, 17, 1),
(527, 60, 15, 20, 1),
(528, 60, 16, 25, 1),
(529, 60, 17, 30, 1),
(530, 60, 18, 35, 1),
(531, 60, 19, 43, 1),
(532, 61, 11, 2, 1),
(533, 61, 12, 9, 1),
(534, 61, 13, 14, 1),
(535, 61, 14, 17, 1),
(536, 61, 15, 20, 1),
(537, 61, 16, 25, 1),
(538, 61, 17, 32, 1),
(539, 61, 18, 37, 1),
(540, 61, 19, 41, 1),
(541, 62, 11, 2, 1),
(542, 62, 12, 9, 1),
(543, 62, 13, 13, 1),
(544, 62, 14, 18, 1),
(545, 62, 15, 24, 1),
(546, 62, 16, 29, 1),
(547, 62, 17, 32, 1),
(548, 62, 18, 37, 1),
(549, 62, 19, 41, 1),
(550, 63, 11, 2, 1),
(551, 63, 12, 7, 1),
(552, 63, 13, 13, 1),
(553, 63, 14, 18, 1),
(554, 63, 15, 20, 1),
(555, 63, 16, 27, 1),
(556, 63, 17, 32, 1),
(557, 63, 18, 37, 1),
(558, 63, 19, 41, 1),
(559, 64, 11, 1, 1),
(560, 64, 12, 9, 1),
(561, 64, 13, 12, 1),
(562, 64, 14, 17, 1),
(563, 64, 15, 20, 1),
(564, 64, 16, 26, 1),
(565, 64, 17, 32, 1),
(566, 64, 18, 35, 1),
(567, 64, 19, 42, 1),
(568, 65, 11, 2, 1),
(569, 65, 12, 8, 1),
(570, 65, 13, 13, 1),
(571, 65, 14, 17, 1),
(572, 65, 15, 20, 1),
(573, 65, 16, 26, 1),
(574, 65, 17, 30, 1),
(575, 65, 18, 35, 1),
(576, 65, 19, 41, 1),
(577, 66, 11, 1, 1),
(578, 66, 12, 8, 1),
(579, 66, 13, 14, 1),
(580, 66, 14, 17, 1),
(581, 66, 15, 20, 1),
(582, 66, 16, 25, 1),
(583, 66, 17, 30, 1),
(584, 66, 18, 35, 1),
(585, 66, 19, 40, 1),
(586, 67, 11, 2, 1),
(587, 67, 12, 9, 1),
(588, 67, 13, 14, 1),
(589, 67, 14, 17, 1),
(590, 67, 15, 20, 1),
(591, 67, 16, 25, 1),
(592, 67, 17, 32, 1),
(593, 67, 18, 37, 1),
(594, 67, 19, 40, 1),
(595, 68, 11, 2, 1),
(596, 68, 12, 8, 1),
(597, 68, 13, 13, 1),
(598, 68, 14, 17, 1),
(599, 68, 15, 20, 1),
(600, 68, 16, 25, 1),
(601, 68, 17, 33, 1),
(602, 68, 18, 38, 1),
(603, 68, 19, 41, 1),
(604, 69, 11, 2, 1),
(605, 69, 12, 8, 1),
(606, 69, 13, 13, 1),
(607, 69, 14, 17, 1),
(608, 69, 15, 20, 1),
(609, 69, 16, 25, 1),
(610, 69, 17, 32, 1),
(611, 69, 18, 37, 1),
(612, 69, 19, 43, 1),
(613, 70, 11, 2, 1),
(614, 70, 12, 8, 1),
(615, 70, 13, 13, 1),
(616, 70, 14, 17, 1),
(617, 70, 15, 20, 1),
(618, 70, 16, 25, 1),
(619, 70, 17, 32, 1),
(620, 70, 18, 37, 1),
(621, 70, 19, 41, 1),
(622, 71, 11, 1, 1),
(623, 71, 12, 7, 1),
(624, 71, 13, 13, 1),
(625, 71, 14, 19, 1),
(626, 71, 15, 24, 1),
(627, 71, 16, 29, 1),
(628, 71, 17, 30, 1),
(629, 71, 18, 35, 1),
(630, 71, 19, 40, 1),
(631, 73, 11, 1, 1),
(632, 73, 12, 8, 1),
(633, 73, 13, 12, 1),
(634, 73, 14, 17, 1),
(635, 73, 15, 20, 1),
(636, 73, 16, 25, 1),
(637, 73, 17, 32, 1),
(638, 73, 18, 37, 1),
(639, 73, 19, 41, 1),
(640, 74, 11, 1, 1),
(641, 74, 12, 8, 1),
(642, 74, 13, 14, 1),
(643, 74, 14, 17, 1),
(644, 74, 15, 21, 1),
(645, 74, 16, 26, 1),
(646, 74, 17, 32, 1),
(647, 74, 18, 36, 1),
(648, 74, 19, 41, 1),
(649, 75, 11, 2, 1),
(650, 75, 12, 9, 1),
(651, 75, 13, 13, 1),
(652, 75, 14, 19, 1),
(653, 75, 15, 20, 1),
(654, 75, 16, 25, 1),
(655, 75, 17, 32, 1),
(656, 75, 18, 37, 1),
(657, 75, 19, 43, 1),
(658, 77, 11, 2, 1),
(659, 77, 12, 9, 1),
(660, 77, 13, 13, 1),
(661, 77, 14, 18, 1),
(662, 77, 15, 20, 1),
(663, 77, 16, 25, 1),
(664, 77, 17, 33, 1),
(665, 77, 18, 36, 1),
(666, 77, 19, 40, 1),
(667, 79, 11, 1, 1),
(668, 79, 12, 7, 1),
(669, 79, 13, 12, 1),
(670, 79, 14, 17, 1),
(671, 79, 15, 20, 1),
(672, 79, 16, 25, 1),
(673, 79, 17, 33, 1),
(674, 79, 18, 38, 1),
(675, 79, 19, 41, 1),
(676, 80, 11, 2, 1),
(677, 80, 12, 9, 1),
(678, 80, 13, 13, 1),
(679, 80, 14, 19, 1),
(680, 80, 15, 20, 1),
(681, 80, 16, 25, 1),
(682, 80, 17, 33, 1),
(683, 80, 18, 35, 1),
(684, 80, 19, 42, 1),
(685, 81, 11, 2, 1),
(686, 81, 12, 7, 1),
(687, 81, 13, 12, 1),
(688, 81, 14, 18, 1),
(689, 81, 15, 20, 1),
(690, 81, 16, 25, 1),
(691, 81, 17, 33, 1),
(692, 81, 18, 38, 1),
(693, 81, 19, 41, 1),
(694, 82, 11, 2, 1),
(695, 82, 12, 9, 1),
(696, 82, 13, 13, 1),
(697, 82, 14, 18, 1),
(698, 82, 15, 20, 1),
(699, 82, 16, 25, 1),
(700, 82, 17, 33, 1),
(701, 82, 18, 38, 1),
(702, 82, 19, 41, 1),
(703, 84, 11, 1, 1),
(704, 84, 12, 9, 1),
(705, 84, 13, 13, 1),
(706, 84, 14, 15, 1),
(707, 84, 15, 20, 1),
(708, 84, 16, 25, 1),
(709, 84, 17, 32, 1),
(710, 84, 18, 35, 1),
(711, 84, 19, 40, 1),
(712, 85, 11, 2, 1),
(713, 85, 12, 8, 1),
(714, 85, 13, 14, 1),
(715, 85, 14, 19, 1),
(716, 85, 15, 20, 1),
(717, 85, 16, 25, 1),
(718, 85, 17, 30, 1),
(719, 85, 18, 35, 1),
(720, 85, 19, 40, 1),
(721, 86, 11, 1, 1),
(722, 86, 12, 9, 1),
(723, 86, 13, 13, 1),
(724, 86, 14, 17, 1),
(725, 86, 15, 20, 1),
(726, 86, 16, 25, 1),
(727, 86, 17, 32, 1),
(728, 86, 18, 36, 1),
(729, 86, 19, 40, 1),
(730, 87, 11, 1, 1),
(731, 87, 12, 8, 1),
(732, 87, 13, 14, 1),
(733, 87, 14, 17, 1),
(734, 87, 15, 20, 1),
(735, 87, 16, 25, 1),
(736, 87, 17, 30, 1),
(737, 87, 18, 35, 1),
(738, 87, 19, 40, 1),
(739, 88, 11, 2, 1),
(740, 88, 12, 8, 1),
(741, 88, 13, 13, 1),
(742, 88, 14, 18, 1),
(743, 88, 15, 20, 1),
(744, 88, 16, 25, 1),
(745, 88, 17, 30, 1),
(746, 88, 18, 35, 1),
(747, 88, 19, 40, 1),
(748, 90, 11, 1, 1),
(749, 90, 12, 8, 1),
(750, 90, 13, 12, 1),
(751, 90, 14, 15, 1),
(752, 90, 15, 20, 1),
(753, 90, 16, 25, 1),
(754, 90, 17, 30, 1),
(755, 90, 18, 37, 1),
(756, 90, 19, 41, 1),
(757, 91, 11, 3, 1),
(758, 91, 12, 8, 1),
(759, 91, 13, 14, 1),
(760, 91, 14, 17, 1),
(761, 91, 15, 20, 1),
(762, 91, 16, 25, 1),
(763, 91, 17, 32, 1),
(764, 91, 18, 37, 1),
(765, 91, 19, 39, 1),
(766, 92, 11, 1, 1),
(767, 92, 12, 8, 1),
(768, 92, 13, 13, 1),
(769, 92, 14, 17, 1),
(770, 92, 15, 20, 1),
(771, 92, 16, 25, 1),
(772, 92, 17, 32, 1),
(773, 92, 18, 37, 1),
(774, 92, 19, 42, 1),
(775, 93, 11, 1, 1),
(776, 93, 12, 8, 1),
(777, 93, 13, 14, 1),
(778, 93, 14, 17, 1),
(779, 93, 15, 20, 1),
(780, 93, 16, 25, 1),
(781, 93, 17, 32, 1),
(782, 93, 18, 36, 1),
(783, 93, 19, 40, 1),
(784, 94, 11, 2, 1),
(785, 94, 12, 9, 1),
(786, 94, 13, 13, 1),
(787, 94, 14, 17, 1),
(788, 94, 15, 20, 1),
(789, 94, 16, 25, 1),
(790, 94, 17, 33, 1),
(791, 94, 18, 36, 1),
(792, 94, 19, 41, 1),
(793, 95, 11, 1, 1),
(794, 95, 12, 8, 1),
(795, 95, 13, 13, 1),
(796, 95, 14, 19, 1),
(797, 95, 15, 24, 1),
(798, 95, 16, 29, 1),
(799, 95, 17, 30, 1),
(800, 95, 18, 35, 1),
(801, 95, 19, 40, 1),
(802, 96, 11, 2, 1),
(803, 96, 12, 9, 1),
(804, 96, 13, 13, 1),
(805, 96, 14, 19, 1),
(806, 96, 15, 20, 1),
(807, 96, 16, 25, 1),
(808, 96, 17, 32, 1),
(809, 96, 18, 37, 1),
(810, 96, 19, 41, 1),
(811, 53, 11, 2, 1),
(812, 53, 12, 9, 1),
(813, 53, 13, 13, 1),
(814, 53, 14, 17, 1),
(815, 53, 15, 20, 1),
(816, 53, 16, 25, 1),
(817, 53, 17, 30, 1),
(818, 53, 18, 36, 1),
(819, 53, 19, 40, 1),
(820, 97, 11, 2, 1),
(821, 97, 12, 8, 1),
(822, 97, 13, 12, 1),
(823, 97, 14, 17, 1),
(824, 97, 15, 20, 1),
(825, 97, 16, 25, 1),
(826, 97, 17, 30, 1),
(827, 97, 18, 37, 1),
(828, 97, 19, 40, 1),
(829, 98, 11, 1, 1),
(830, 98, 12, 7, 1),
(831, 98, 13, 12, 1),
(832, 98, 14, 17, 1),
(833, 98, 15, 22, 1),
(834, 98, 16, 27, 1),
(835, 98, 17, 32, 1),
(836, 98, 18, 37, 1),
(837, 98, 19, 43, 1),
(838, 99, 11, 1, 1),
(839, 99, 12, 8, 1),
(840, 99, 13, 12, 1),
(841, 99, 14, 19, 1),
(842, 99, 15, 24, 1),
(843, 99, 16, 29, 1),
(844, 99, 17, 30, 1),
(845, 99, 18, 37, 1),
(846, 99, 19, 41, 1),
(847, 100, 11, 3, 1),
(848, 100, 12, 8, 1),
(849, 100, 13, 12, 1),
(850, 100, 14, 19, 1),
(851, 100, 15, 23, 1),
(852, 100, 16, 29, 1),
(853, 100, 17, 30, 1),
(854, 100, 18, 38, 1),
(855, 100, 19, 39, 1),
(856, 50, 11, 1, 1),
(857, 50, 12, 8, 1),
(858, 50, 13, 13, 1),
(859, 50, 14, 17, 1),
(860, 50, 15, 20, 1),
(861, 50, 16, 28, 1),
(862, 50, 17, 30, 1),
(863, 50, 18, 36, 1),
(864, 50, 19, 41, 1);

-- --------------------------------------------------------

--
-- Struktur dari tabel `alternative_website`
--

CREATE TABLE `alternative_website` (
  `id` int(11) NOT NULL,
  `alternative_id` int(11) DEFAULT NULL,
  `url` varchar(255) CHARACTER SET latin1 DEFAULT NULL,
  `status` tinyint(2) DEFAULT 1
) ENGINE=InnoDB DEFAULT CHARSET=utf8mb4;

--
-- Dumping data untuk tabel `alternative_website`
--

INSERT INTO `alternative_website` (`id`, `alternative_id`, `url`, `status`) VALUES
(15, 23, 'http://sekolah.data.kemdikbud.go.id/index.php/chome/profil/D6D4A27D-AA73-4831-A6BF-CD24308C161F ', 1),
(16, 23, ' https://smasrijayanegarapalembang.sch.id', 1),
(17, 24, 'http://sekolah.data.kemdikbud.go.id/index.php/chome/profil/A1586F1E-BFBF-48CB-B5A0-E874977244A7', 1),
(20, 25, 'http://sekolah.data.kemdikbud.go.id/index.php/chome/profil/A729D160-BC43-4A1A-B7BD-29BE55D2D270 ', 1),
(21, 25, ' https://azzahrasriwijaya.sch.id', 1),
(22, 26, 'http://sekolah.data.kemdikbud.go.id/index.php/chome/profil/D1577476-43CD-4C62-ABC4-9CE2F9F8D057 ', 1),
(23, 26, ' https://www.smaxaverius3.sch.id', 1),
(24, 35, 'http://sekolah.data.kemdikbud.go.id/index.php/chome/profil/794074E7-6D38-48B2-99EB-8A7A94558AD4 ', 1),
(25, 35, ' https://m.facebook.com/pages/category/School/Sma-Bina-Karya-Palembang-1535404110035762/?_rdr', 1),
(28, 36, 'http://sekolah.data.kemdikbud.go.id/index.php/chome/profil/D14040B1-1B72-4CF3-9F00-2717093970AD ', 1),
(29, 36, ' http://www.kumbang.net', 1),
(30, 37, 'http://sekolah.data.kemdikbud.go.id/index.php/chome/profil/405505B0-9D72-42F6-8FE4-36C59BEB24E4 ', 1),
(31, 37, ' https://smaxaverius4.sch.id', 1),
(32, 38, 'http://sekolah.data.kemdikbud.go.id/index.php/chome/profil/C7A5E0FC-6478-458F-A62B-259358D2F369 ', 1),
(33, 38, ' https://www.smaxaverius2palembang.sch.id', 1),
(34, 39, 'http://sekolah.data.kemdikbud.go.id/index.php/chome/profil/9B1AF09B-B2DE-4784-BC33-DEA0F19469BF ', 1),
(35, 39, ' http://methodist1.sch.id', 1),
(36, 40, 'http://sekolah.data.kemdikbud.go.id/index.php/chome/profil/A9829EEF-2ECF-4CB7-A92B-09C0444F90BF ', 1),
(37, 40, ' https://smamsapalembang.sch.id', 1),
(38, 41, 'http://sekolah.data.kemdikbud.go.id/index.php/chome/profil/E07BBC99-3D59-4404-BB9E-2A1868FCC579 ', 1),
(39, 41, ' https://smalti.igm.sch.id', 1),
(40, 42, 'http://sekolah.data.kemdikbud.go.id/index.php/chome/profil/906C3DD9-6B1D-45FB-8EC1-B457528AC2C8 ', 1),
(41, 42, ' https://www.smapusri.sch.id', 1),
(43, 43, 'http://sekolah.data.kemdikbud.go.id/index.php/chome/profil/365223EA-B0B9-41E5-AE2E-0BB4E62D2000', 1),
(46, 48, 'http://sekolah.data.kemdikbud.go.id/index.php/chome/profil/0FB7CEC0-6F94-48D4-B01A-8E29CD86861F ', 1),
(47, 48, ' http://smamuh8plg.sch.id', 1),
(48, 49, 'http://sekolah.data.kemdikbud.go.id/index.php/chome/profil/A511BEF3-33FF-4A9C-BF3B-1375FB965CEE ', 1),
(49, 49, ' https://smapgri2plg.sch.id', 1),
(50, 51, 'https://smapgri1plg.blogspot.com/p/profil-sma-pgri-01-palembang.html ', 1),
(51, 51, ' https://sekolah.data.kemdikbud.go.id/index.php/chome/profil/db74a841-c5d1-441a-9818-6bfa4fde6227', 1),
(52, 52, '', 1),
(53, 54, 'https://sekolah.data.kemdikbud.go.id/index.php/chome/profil/119bc676-4279-4412-8ede-a99782dc9056', 1),
(54, 55, ' http://smamuhd-3three.blogspot.com/ ', 1),
(55, 55, ' JL. JEND. A. YANI 13 ULU KOMP. UMP PAALEMBANG, 13 ULU, Kec. Seberang Ulu II, Kota Palembang Prov. Sumatera Selatan', 1),
(56, 56, 'https://sekolah.data.kemdikbud.go.id/index.php/chome/profil/09964ba1-8088-472b-9592-dba91ac468c2', 1),
(57, 58, 'http://smabinaciptapalembang.sch.id/ ', 1),
(58, 58, ' https://sekolah.data.kemdikbud.go.id/index.php/chome/profil/845DF153-6FB9-49BA-96B6-8991E8DC2B11', 1),
(59, 59, 'https://sekolah.data.kemdikbud.go.id/index.php/chome/profil/E8A6DF9D-9F9E-4B43-9A3B-C5964309C6D6 ', 1),
(60, 59, ' https://web.facebook.com/smabaktiibu8palembang/', 1),
(61, 60, 'https://web.facebook.com/Sekolah-Mardi-Wacana-99609110971/ ', 1),
(62, 60, ' https://sekolah.data.kemdikbud.go.id/index.php/chome/profil/9494389a-abb0-48e6-a34f-8dd49887463c', 1),
(63, 61, 'https://web.facebook.com/SMAPGRI3PALEMBANG/?_rdc=1&_rdr ', 1),
(64, 61, ' https://sekolah.data.kemdikbud.go.id/index.php/chome/profil/092c3674-680f-4d75-b16b-67d93ab83b2e', 1),
(65, 62, 'http://www.smatarunaindonesia.sch.id ', 1),
(66, 63, 'https://web.facebook.com/smaaziziahpalembang/ ', 1),
(67, 63, '', 1),
(68, 64, 'https://www.smaaisyiyah1plg.sch.id/', 1),
(69, 65, 'https://www.smamuhammadiyah4palembang.sch.id/', 1),
(70, 66, 'https://sekolah.data.kemdikbud.go.id/index.php/chome/profil/e4416283-4a12-4bec-872c-c922b945cce1 ', 1),
(71, 66, ' https://www.instagram.com/arinda_plgkece/?hl=id', 1),
(72, 67, 'https://www.instagram.com/smp_sma_smk_ra.kartini/?hl=id ', 1),
(73, 67, ' https://sekolah.data.kemdikbud.go.id/index.php/chome/profil/AD2F58EC-C28B-4640-BEF1-47822C4EE953', 1),
(74, 68, '', 1),
(75, 69, 'http://smapramulaplg.sch.id/', 1),
(76, 70, 'https://www.instagram.com/smaadabiyah.plg/ ', 1),
(77, 70, ' https://sekolah.data.kemdikbud.go.id/index.php/chome/profil/1C11FAFF-B232-47B3-BE78-8E8AF0651B38', 1),
(78, 71, 'http://www.ignatiusglobal.sch.id/', 1),
(79, 73, 'https://www.instagram.com/osis_smanaplg/ ', 1),
(80, 73, ' https://sekolah.data.kemdikbud.go.id/index.php/chome/profil/c859b9dd-1986-4053-b983-8b7f7086914d', 1),
(81, 74, 'https://smatb.wordpress.com/', 1),
(82, 75, '', 1),
(83, 77, 'http://shailendrapalembang.mysch.id/', 1),
(84, 79, 'https://sekolah.data.kemdikbud.go.id/index.php/chome/profil/DAA61F0A-0016-4E44-9C8E-8AD6A1FAA067', 1),
(85, 80, '', 1),
(86, 81, 'https://www.instagram.com/sma_mandiri_official/', 1),
(87, 82, 'https://sekolah.data.kemdikbud.go.id/index.php/chome/profil/9a69ce71-2600-43b9-8ec7-fab77c3a3f7a', 1),
(88, 84, 'https://www.instagram.com/metplg_3/ ', 1),
(89, 84, ' https://sma-methodistiga.blogspot.com/', 1),
(90, 85, 'https://www.instagram.com/bsiplg_bty/', 1),
(91, 87, 'https://www.instagram.com/sma.tridharmaplg/?hl=id', 1),
(92, 88, 'https://sekolah.data.kemdikbud.go.id/index.php/chome/profil/21642989-5D40-44C2-8F3B-FC1BBB78B55C', 1),
(93, 90, 'https://www.instagram.com/smaibaplg/ ', 1),
(94, 90, ' https://smaibapalembang.blogspot.com/2019/09/welcome-to-sma-iba-palembang-12.html', 1),
(95, 91, 'https://sekolah.data.kemdikbud.go.id/index.php/chome/profil/BF8633DF-6BDD-44B2-BA31-FA4BD46A5D06', 1),
(96, 92, 'https://www.instagram.com/smatamansiswaplg/?hl=id', 1),
(97, 93, 'https://www.instagram.com/smpsmasriguna/ ', 1),
(98, 94, 'https://sekolah.data.kemdikbud.go.id/index.php/chome/profil/DB1B2BA6-F3B1-4EEC-8D57-12986FF3BF21', 1),
(99, 95, 'https://izzuddin.sch.id/sma-it/ ', 1),
(100, 95, ' https://ppdb.izzuddin.sch.id/', 1),
(101, 96, 'https://psb.assanadiyah.sch.id/ ', 1),
(102, 96, ' https://www.assanadiyah.sch.id/', 1),
(103, 53, 'https://www.instagram.com/smapgrilimapalembang/', 1),
(104, 97, 'www.smasjakhyakirti.sch.id', 1),
(105, 98, 'http://ppdb.smapm1plg.sch.id/', 1),
(106, 99, 'http://sma.sekolahalfurqon.sch.id/page/profil-sekolah/14', 1),
(107, 100, 'https://www.binailmi.sch.id/ ', 1),
(108, 100, ' https://ppdb.binailmi.sch.id/', 1),
(109, 50, 'https://www.smaxaverius1.sch.id/ ', 1),
(110, 50, ' https://ppdb.smaxaverius1.sch.id/', 1);

-- --------------------------------------------------------

--
-- Struktur dari tabel `criteria`
--

CREATE TABLE `criteria` (
  `id` int(11) NOT NULL,
  `criteria_code` varchar(100) DEFAULT NULL,
  `criteria_description` varchar(100) DEFAULT NULL,
  `criteria_type` varchar(50) DEFAULT NULL,
  `status` tinyint(2) DEFAULT 1
) ENGINE=InnoDB DEFAULT CHARSET=utf8mb4;

--
-- Dumping data untuk tabel `criteria`
--

INSERT INTO `criteria` (`id`, `criteria_code`, `criteria_description`, `criteria_type`, `status`) VALUES
(11, 'C1', 'Akreditasi', 'benefit', 1),
(12, 'C2', 'Fasilitas', 'benefit', 1),
(13, 'C3', 'Ekstrakurikuler', 'benefit', 1),
(14, 'C4', 'Lama Berdiri', 'benefit', 1),
(15, 'C5', 'Biaya SPP', 'cost', 1),
(16, 'C6', 'Biaya Masuk', 'cost', 1),
(17, 'C7', 'Lokasi', 'benefit', 1),
(18, 'C8', 'Aksesibilitas', 'benefit', 1),
(19, 'C9', 'Jarak', 'cost', 1);

-- --------------------------------------------------------

--
-- Struktur dari tabel `criterion_value`
--

CREATE TABLE `criterion_value` (
  `id` int(11) NOT NULL,
  `criteria_id` int(11) DEFAULT NULL,
  `description` text DEFAULT NULL,
  `value` int(11) DEFAULT NULL,
  `status` tinyint(2) DEFAULT 1
) ENGINE=InnoDB DEFAULT CHARSET=utf8mb4;

--
-- Dumping data untuk tabel `criterion_value`
--

INSERT INTO `criterion_value` (`id`, `criteria_id`, `description`, `value`, `status`) VALUES
(1, 11, ' Akreditasi A', 5, 1),
(2, 11, ' Akreditasi B', 4, 1),
(3, 11, ' Akreditasi C', 3, 1),
(4, 11, ' Belum Terakdreditasi', 1, 1),
(5, 12, '> 20 Fasilitas', 5, 1),
(6, 12, ' 16 - 20 Fasilitas', 4, 1),
(7, 12, ' 11 - 15 Fasilitas', 3, 1),
(8, 12, ' 6 - 10 Fasilitas', 2, 1),
(9, 12, '1 - 5 Fasilitas ', 1, 1),
(10, 13, '> 20 Ekstrakurikuler', 5, 1),
(11, 13, '16-20 Ekstrakurikuler', 4, 1),
(12, 13, '11-15 Ekstrakurikuler ', 3, 1),
(13, 13, '6-10 Ekstrakurikuler', 2, 1),
(14, 13, '1-5 Ekstrakurikuler', 1, 1),
(15, 14, '> 60 Tahun', 5, 1),
(16, 14, '46-60 Tahun', 4, 1),
(17, 14, '31-45 Tahun', 3, 1),
(18, 14, '16-30 Tahun', 2, 1),
(19, 14, '1-15 Tahun', 1, 1),
(20, 15, '< Rp 250.000', 5, 1),
(21, 15, 'Rp 251.000 – Rp 500.000', 4, 1),
(22, 15, 'Rp 501.000 – Rp 750.000', 3, 1),
(23, 15, 'Rp 751.000 – Rp 1.000.000', 2, 1),
(24, 15, '> Rp 1.000.000', 1, 1),
(25, 16, '< Rp 2.000.000', 5, 1),
(26, 16, 'Rp 2.001.000 – Rp 4.000.000', 4, 1),
(27, 16, 'Rp 4.001.000 – Rp 6.000.000', 3, 1),
(28, 16, 'Rp 6.001.000 – Rp 8.000.000', 2, 1),
(29, 16, '> Rp 8.000.000', 1, 1),
(30, 17, 'Di pinggir jalan besar (jalan raya)', 5, 1),
(31, 17, 'Di dekat wilayah perkantoran', 4, 1),
(32, 17, 'Di dekat wilayah permukiman warga', 3, 1),
(33, 17, 'Di pinggir jalan kecil (lorong/gang)', 2, 1),
(34, 17, 'Di dekat wilayah pertokoan', 1, 1),
(35, 18, 'Terdapat Akses Kendaraan Umum', 5, 1),
(36, 18, 'Terdapat Akses Kendaraan Umum Namun Tidak Setiap Saat', 4, 1),
(37, 18, 'Tidak Terdapat Akses Kendaraan Umum Namun Lalu Lintas Lancar', 3, 1),
(38, 18, 'Tidak Terdapat Akses Kendaraan Umum Dan Lalu Lintas Tidak Lancar', 1, 1),
(39, 19, '< 2 km', 5, 1),
(40, 19, '2.1 km – 4 km', 4, 1),
(41, 19, '4.1 km – 6 km', 3, 1),
(42, 19, '6.1 km – 8 km', 2, 1),
(43, 19, '> 8 km', 1, 1);

-- --------------------------------------------------------

--
-- Struktur dari tabel `help`
--

CREATE TABLE `help` (
  `id` int(11) NOT NULL,
  `help_code` varchar(100) DEFAULT NULL,
  `title` varchar(255) DEFAULT NULL,
  `description` text DEFAULT NULL,
  `status` tinyint(2) DEFAULT 1
) ENGINE=InnoDB DEFAULT CHARSET=utf8mb4;

-- --------------------------------------------------------

--
-- Struktur dari tabel `users`
--

CREATE TABLE `users` (
  `id` int(11) NOT NULL,
  `name` varchar(100) DEFAULT NULL,
  `email` varchar(50) DEFAULT NULL,
  `password` varchar(50) DEFAULT NULL,
  `role_id` tinyint(4) DEFAULT 1,
  `image` varchar(50) DEFAULT NULL,
  `status` tinyint(4) NOT NULL DEFAULT 1
) ENGINE=InnoDB DEFAULT CHARSET=utf8mb4;

--
-- Dumping data untuk tabel `users`
--

INSERT INTO `users` (`id`, `name`, `email`, `password`, `role_id`, `image`, `status`) VALUES
(10, 'Nurul Ulfa', 'ulfa@gmail.com', '23111cf70745859063eec8a99d6206d9', 0, '60746f1c59ed9.png', 1),
(16, 'Ulfa Nurul', 'nurululfah@gmail.com', '827ccb0eea8a706c4c34a16891f84e7b', 1, '60746ce5da8ce.png', 1),
(22, 'SMA Srijaya Negara Palembang', 'srijaya@school.com', '14c87745699a0bceba539fa736acede8', 2, '60912fecb2b12.png', 1),
(24, 'SMA Ethika Palembang', 'ethika@sch.co.id', '975bde2664a9d938182661fd6799c796', 2, '609133f123f8c.png', 1),
(25, 'SMA Az-Zahrah Palembang', 'smaiazplg@yahoo.com', '75824853b6b6646839282a438d99aa18', 2, '60913472bba8b.png', 1),
(26, 'SMA Xaverius 03 Palembang', 'humas@smaxaverius3.sch.id', '5e5d1d7c53a85fa34ac405471ac645cc', 2, '60913f69e388d.png', 1),
(31, 'SMA Bina Karya Palembang', 'smabinakarya@gmail.com', '5daf7477c6d495d3befcd67774a8f250', 2, '60914065669c7.png', 1),
(32, 'SMA Kusuma Bangsa Palembang', 'psb@kumbang.sch.id', '46a73d36b2ea63f07fa4ac0da87b65e5', 2, '609141efbf83d.png', 1),
(37, 'SMA Xaverius 04 Palembang', 'info@smaxaverius4.sch.id', '31751c7960906ba38da5a8321164ee1a', 2, '609144ca3d314.png', 1),
(38, 'SMA Xaverius 02 Palembang', 'info@smaxaverius2palembang.sch.id', 'd40bc691c78c733a34b3eec29607105a', 2, '609148608d31c.png', 1),
(39, 'SMA Methodist 01 Palembang', 'info@methodist1.sch.id', '0c1ad370017b83e781da4be51dc8e0e3', 2, '60914d5fa228a.png', 1),
(40, 'SMA Muhammadiyah 01 Palembang', 'info@smamsapalembang.sch.id', '812d9b6242265ab6e40086491d755334', 2, '6091507c29d09.png', 1),
(41, 'SMA LTI IGM Palembang', 'igmsma@gmail.com', 'df38961c863b112c667f756415d9c6ad', 2, '60915349720e9.png', 1),
(42, 'SMA PUSRI Palembang', 'smapusri2019@gmail.com', '9f4109012c17fe7c482fd65a8cad5df1', 2, '609156e40866a.png', 1),
(43, 'SMA Bina Lestari Palembang', 'binalestari@gmail.com', '28b11d177102ffe353ba050c806c67e2', 2, '609159d789071.png', 1),
(51, 'SMA Muhammadiyah 08 Palembang', 'smamuh8@gmail.com', '5543bbee74b0707d4d28120fcd63d0ce', 2, '6091662252a56.png', 1),
(52, 'SMA Muhammadiyah 08 Palembang', 'smamuh8@gmail.com', 'd57d20eaf46e8c0cbd709fddedefc9f6', 3, NULL, 1),
(53, 'SMA PGRI 02 Palembang', 'smapgri2palembang@gmail.com', 'aebb76e45606af22aada6d614a0363ce', 2, '609170cf82428.png', 1),
(54, 'SMA PGRI 02 Palembang', 'smapgri2palembang@gmail.com', '668879938db92a037e1cd8d084c1cd93', 3, '60d07bf2cb9da.png', 1),
(55, 'SMA Srijaya Negara Palembang', 'srijaya@school.com', 'cbd0d386f93c624dca1c57ca8ff06f24', 3, '6091daea22e22.png', 1),
(56, 'SMA Ethika Palembang', 'ethika@sch.co.id', '250bd9403b9b5401e27ab13aab0a4312', 3, '6091db253d354.png', 1),
(57, 'SMA Az-Zahrah Palembang', 'smaiazplg@yahoo.com', '1c8ea7555bc1493b8a9de8d7b123302d', 3, '6091db58328cd.png', 1),
(58, 'SMA Xaverius 03 Palembang', 'humas@smaxaverius3.sch.id', '1af478611f4e993192b5ef70ac5d9809', 3, '6091db8b65eae.png', 1),
(59, 'SMA Bina Karya Palembang', 'smabinakarya@gmail.com', '8baf54680f7ca0cfe3947c9d58de0237', 3, '6091dbba9f4a1.png', 1),
(60, 'SMA Kusuma Bangsa Palembang', 'psb@kumbang.sch.id', '08d3a46cf0c6313c7f65a3d18e10bc9d', 3, '6091dbf4547c8.png', 1),
(61, 'SMA Xaverius 04 Palembang', 'info@smaxaverius4.sch.id', 'cf76df687ea41c214dfcd2a802ace660', 3, '6091dc202cb92.png', 1),
(62, 'SMA Xaverius 02 Palembang', 'info@smaxaverius2palembang.sch.id', '722d5a11245153226d917d342cbd0d54', 3, '6091dc45499fd.png', 1),
(63, 'SMA Methodist 01 Palembang', 'info@methodist1.sch.id', '0fc2defd93f4f8dd3cb5d73cd4889dd0', 3, '6091dc7dd581e.png', 1),
(64, 'SMA Muhammadiyah 01 Palembang', 'info@smamsapalembang.sch.id', '8e061144fda27e454cc66e58f0eb5c12', 3, '6091dcadb7cc0.png', 1),
(65, 'SMA LTI IGM Palembang', 'igmsma@gmail.com', 'df08fb30a73e21929115f159e9aaccc4', 3, '6091dcd3d8388.png', 1),
(66, 'SMA PUSRI Palembang', 'smapusri2019@gmail.com', 'c6cd2e9fe9eb02142398cc5e7176629e', 3, '6091dcf45dfe8.png', 1),
(67, 'SMA Bina Lestari Palembang', 'binalestari@gmail.com', 'cfaa92cae259934586a251b982dce923', 3, '6091dd22c140e.png', 1),
(68, 'SMA Xaverius 01 Palembang', 'contact@smaxaverius1.sch.id', '7d8bbb8dcb1b729903e977e14b8544a1', 2, '60e08d81c52f4.png', 1),
(69, 'SMA Xaverius 01 Palembang', 'contact@smaxaverius1.sch.id', 'fc48ba1dae2e1c63e42ba5d18f494101', 3, NULL, 1),
(70, 'SMA PGRI 01 Palembang', 'smapgri1plg@gmail.com', 'e1a4caa487919d3ef50bb28ee2885715', 2, NULL, 1),
(71, 'SMA PGRI 01 Palembang', 'smapgri1plg@gmail.com', '8aeffe61395dec1165bef48f6dd77ed2', 3, NULL, 1),
(72, 'SMA BINA WARGA 01 PALEMBANG', 'smabinawarga1@yahoo.com', 'd8f8d7d75a2451a88101cc36b5742936', 2, NULL, 1),
(73, 'SMA BINA WARGA 01 PALEMBANG', 'smabinawarga1@yahoo.com', '9bc84262a3af2c31d44b45ebd343dae2', 3, NULL, 1),
(74, 'SMA PGRI 05 PALEMBANG', 'smapgrilimapalembang@gmail.com', 'b02b2da7f63ef9d334699bef404f70d2', 2, '60e08d23935fc.png', 1),
(75, 'SMA PGRI 05 PALEMBANG', 'smapgrilimapalembang@gmail.com', '817fd5e1aae5fed2a6f86f07c3a8c07c', 3, NULL, 1),
(76, 'SMA BINA WARGA 02 PALEMBANG', 'smabw2plg@gmail.com', '224e7ac7db2ba2142caf9c15ddee940b', 2, NULL, 1),
(77, 'SMA BINA WARGA 02 PALEMBANG', 'smabw2plg@gmail.com', '0e07e8b339dbd67ac274cec167d1e950', 3, NULL, 1),
(78, 'SMA MUHAMMADIYAH 03 PALEMBANG', 'smamuhd.3threeplg@gmail.com', 'b29f46e255188f78f12844e429d6897e', 2, NULL, 1),
(79, 'SMA MUHAMMADIYAH 03 PALEMBANG', 'smamuhd.3threeplg@gmail.com', 'acb287dd920af48bb04555ea0c8582fd', 3, NULL, 1),
(80, 'SMA AL-AMALUL KHAIR PALEMBANG', 'smaamalulkhairplg@gmail.com', '8ffb710f3607044a798e82e7fe424dab', 2, '60d3fa28e244e.png', 1),
(81, 'SMA AL-AMALUL KHAIR PALEMBANG', 'smaamalulkhairplg@gmail.com', '8ffb710f3607044a798e82e7fe424dab', 2, NULL, 1),
(82, 'SMA AL-AMALUL KHAIR PALEMBANG', 'smaamalulkhairplg@gmail.com', '29afe291bad31eb0f7ac9f36931d6f27', 3, NULL, 1),
(83, 'SMA AL-AMALUL KHAIR PALEMBANG', 'smaamalulkhairplg@gmail.com', '29afe291bad31eb0f7ac9f36931d6f27', 3, NULL, 1),
(84, 'SMA BINA CIPTA PALEMBANG', 'smabinaciptapalembang@gmail.com', '492fb303552e69f03565bae40b655b3f', 2, '60d3fe42ee524.png', 1),
(85, 'SMA BINA CIPTA PALEMBANG', 'smabinaciptapalembang@gmail.com', '76db520c78da6cef9544f57f555dce00', 3, NULL, 1),
(86, 'SMA BHAKTI IBU 8 PALEMBANG', 'smabaktiibu8plg@gmail.com', '8c51429f5b2851ae1b30e7aa798fb7bf', 2, '60d4017022c7e.png', 1),
(87, 'SMA BHAKTI IBU 8 PALEMBANG', 'smabaktiibu8plg@gmail.com', '6b29c102df7c1724c41c2bfaaa3a4b22', 3, NULL, 1),
(88, 'SMA MARDI WACANA PALEMBANG', 'smamardiwacanaplg@gmail.com', 'f19dcaee4f388f7b09cabc8110d4e526', 2, '60d407f979fef.png', 1),
(89, 'SMA MARDI WACANA PALEMBANG', 'smamardiwacanaplg@gmail.com', 'aacb9ed0fad16b430e75925db8da94b4', 3, NULL, 1),
(90, 'SMA PGRI 03 PALEMBANG', 'smapgri3palembang@gmail.com', 'a4a3b604872af04be86d9f0d42688741', 2, '60d4123d43fbe.png', 1),
(91, 'SMA PGRI 03 PALEMBANG', 'smapgri3palembang@gmail.com', '577e402dbff17b844a6f25fee2cceecd', 3, NULL, 1),
(92, 'SMA TARUNA INDONESIA PALEMBANG', 'kontak@smatarunaindonesia.sch.id', 'a0ed9e6120dc433a62cb8e9541252285', 2, '60d41542c33b7.png', 1),
(93, 'SMA TARUNA INDONESIA PALEMBANG', 'kontak@smatarunaindonesia.sch.id', 'ba6706aa9647fefb37eb83976f6f9397', 3, NULL, 1),
(94, 'SMA AZIZIAH PALEMBANG', 'smaaziziahpalembang@gmail.com', '620f1aac4002ede865b23bc1585040f4', 2, '60d42ce7747c1.png', 1),
(95, 'SMA AZIZIAH PALEMBANG', 'smaaziziahpalembang@gmail.com', '5440712b795476ab982795caf6e24004', 3, NULL, 1),
(96, 'SMA AISYIYAH 01 PALEMBANG', 'sma_aisyiyah.1@gmail.com', 'bcc800ca773a1db33f5afaaabbf52d4c', 2, '60d4383ab5a6b.png', 1),
(97, 'SMA AISYIYAH 01 PALEMBANG', 'sma_aisyiyah.1@gmail.com', '487e99452ce5bcfc197aebb978a32316', 3, NULL, 1),
(98, 'SMA MUHAMMADIYAH 04 PALEMBANG', 'smamuhammadiyah4plg@gmail.com', 'f1af7649eec90fe027fb7ee99948b072', 2, '60d44248db387.png', 1),
(99, 'SMA MUHAMMADIYAH 04 PALEMBANG', 'smamuhammadiyah4plg@gmail.com', '0bddf94e46eeaf35db8d9a57256cfd22', 3, NULL, 1),
(100, 'SMA ARINDA PALEMBANG', 'smaarindaplg@gmail.com', 'c7e4144eb0746638c11eb28dd0c988a9', 2, '60d593f2a7e81.png', 1),
(101, 'SMA ARINDA PALEMBANG', 'smaarindaplg@gmail.com', 'fd92e7c33ee2600f1b2ce657292d9014', 3, NULL, 1),
(102, 'SMA RA KARTINI PALEMBANG', 'smk.ra.kartini.palembang58@gmail.com', '4dc7d6418d961620c3a8ab0b4125ef0c', 2, '60d59a62a4d3d.png', 1),
(103, 'SMA RA KARTINI PALEMBANG', 'smk.ra.kartini.palembang58@gmail.com', 'ffd983d3f0d80abb4865fe5bd9212483', 3, NULL, 1),
(104, 'SMA DARMA BHAKTI PALEMBANG', 'smadbplg17@gmail.com', '851853c5271a3db0871726aea54fddcc', 2, '60d59fe9b1370.png', 1),
(105, 'SMA DARMA BHAKTI PALEMBANG', 'smadbplg17@gmail.com', '8a656a39e6a5433a938b129c8e348350', 3, NULL, 1),
(106, 'SMA PRAMULA PALEMBANG', 'yayasanpramula@gmail.com', 'c36ec2914e61eda823950a4cb1973da7', 2, '60d5a81e96e81.png', 1),
(107, 'SMA PRAMULA PALEMBANG', 'yayasanpramula@gmail.com', '01f7dce56799bb84f3682997189e7935', 3, NULL, 1),
(108, 'SMA ADABIYAH PALEMBANG', 'smaadabiyahplg@gmail.com', 'df4c91c8ad57770693af9506e93dee9d', 2, '60d5b2f7cad0d.png', 1),
(109, 'SMA ADABIYAH PALEMBANG', 'smaadabiyahplg@gmail.com', 'b11b380b7059d06a3ff79ff0f50bdebc', 3, NULL, 1),
(110, 'SMA IGNATIUS GLOBAL SCHOOL (IGS) PALEMBANG', 'adm@ignatiusglobal.sch.id', '7e8c7310b0fc2d254dacb3a738f7ccd8', 2, '60d5c664c3fc5.png', 1),
(111, 'SMA IGNATIUS GLOBAL SCHOOL (IGS) PALEMBANG', 'adm@ignatiusglobal.sch.id', '1101a478d5d4d83c255f2bbca3993245', 3, NULL, 1),
(114, 'SMA NURUL AMAL PALEMBANG', 'smanurulamal_palembang@gmail.com', 'c99c194f0dbee41ce4bf00d64a36bbb1', 2, '60d83f9e2b98f.png', 1),
(115, 'SMA NURUL AMAL PALEMBANG', 'smanurulamal_palembang@gmail.com', '796d136b3d834b53b301faa202201a09', 3, NULL, 1),
(116, 'SMA TUNAS BANGSA PALEMBANG', 'smaypitunasbangsaplg@gmail.com', 'd785c8e254c9ee019d43b45e0c9f72f6', 2, '60d84a9122b2e.png', 1),
(117, 'SMA TUNAS BANGSA PALEMBANG', 'smaypitunasbangsaplg@gmail.com', '816d1e4c41dd68cff09b51982b47c5b3', 3, NULL, 1),
(118, 'SMA FITRA ABDI PALEMBANG', 'smafitraabdiplg@gmail.com', '9312dd5023ce0ade2862ee4c14655811', 2, '60d8567777e90.png', 1),
(119, 'SMA FITRA ABDI PALEMBANG', 'smafitraabdiplg@gmail.com', '7eb0834a6f535e252b4c838e3749ba6c', 3, NULL, 1),
(122, 'SMA SHAILENDRA PALEMBANG', 'sma_shailendra@gmail.co.id', 'a1b086247defee88e1ee49b399d9fa11', 2, '60d85d062ba9a.png', 1),
(123, 'SMA SHAILENDRA PALEMBANG', 'sma_shailendra@gmail.co.id', '982d1fdde54de50187e1ec7ff26d52d8', 3, NULL, 1),
(126, 'SMA YWKA PALEMBANG', 'smaywkaplg@gmail.com', 'e9e9595fa5870bba3cc3cf0d620addc4', 2, '60d86dcd9564e.png', 1),
(127, 'SMA YWKA PALEMBANG', 'smaywkaplg@gmail.com', '77432f807b4ec6c99de31fcaa24fdf39', 3, NULL, 1),
(128, 'SMA KARYA SAKTI PALEMBANG', 'smakaryasaktiplg@gmail.com', 'e78a6d901986a598d6c856a5eabfb905', 2, '60dc856a415b0.png', 1),
(129, 'SMA KARYA SAKTI PALEMBANG', 'smakaryasaktiplg@gmail.com', 'd7636a647335a9e8fbd8f3527ca0b898', 3, NULL, 1),
(130, 'SMA MANDIRI PALEMBANG', 'smpmandiriplg@gmail.com', '5f3ec9208e95d246e7abc35b99710ffe', 2, '60dc8e2a6dfe0.png', 1),
(131, 'SMA MANDIRI PALEMBANG', 'smamandiriplg@gmail.com', '5a2afe9c200747629c45f135c8b2736e', 3, NULL, 1),
(132, 'SMA DAARUL AITAM PALEMBANG', 'smadaarulaitam_plg@yahoo.com', '5de1770c91f21798fa25a71bfd8362b7', 2, '60dd455f2067e.png', 1),
(133, 'SMA DAARUL AITAM PALEMBANG', 'smadaarulaitam_plg@yahoo.com', '99c7961b724d1dd53eb1640d4e01d803', 3, NULL, 1),
(136, 'SMA METHODIST 03 PALEMBANG', 'info@methodist3.sch.id', '20c84cad279e72d524f48be8cb58f0cf', 2, '60dd53dfb58d9.png', 1),
(137, 'SMA METHODIST 03 PALEMBANG', 'info@methodist3.sch.id', 'f2524870e8248c2aa97e0d9662def29b', 3, NULL, 1),
(138, 'SMA BSI PALEMBANG', 'smabsipalembang@gmail.com', 'da878e5c536f8a3892785d0fcdf3015d', 2, '60dd5edc8830f.png', 1),
(139, 'SMA BSI PALEMBANG', 'smabsipalembang@gmail.com', '97537a74ad4fea19366528664140e78a', 3, NULL, 1),
(140, 'SMA AZHARYAH PALEMBANG', 'smaazharyahplg@gmail.com', 'ac4a98c8a59093f717ca59a85fb622da', 2, '60ddb4872439e.png', 1),
(141, 'SMA AZHARYAH PALEMBANG', 'smaazharyahplg@gmail.com', '3dad0a9ad03ac113e181893e1437ac36', 3, NULL, 1),
(142, 'SMA TRI DHARMA PALEMBANG', 'smatridarmaplg@gmail.com', '4abe74dfeca1cb1f1939a0cdd2c1c30e', 2, '60ddc07cdd0f5.png', 1),
(143, 'SMA TRI DHARMA PALEMBANG', 'smatridarmaplg@gmail.com', '14f4df86dcb247fbc8863c59f977e5ce', 3, NULL, 1),
(144, 'SMA SUMSEL JAYA PALEMBANG', 'smasumseljayaplg@gmail.com', '4a0dcd1bd2c904a56af9c17ccb45a065', 2, '60ddca5a88186.png', 1),
(145, 'SMA SUMSEL JAYA PALEMBANG', 'smasumseljayaplg@gmail.com', '64f0e03224fe9a4eaa3ab0e5ecfdbe2d', 3, NULL, 1),
(148, 'SMA IBA PALEMBANG', 'smaibapalembang@gmail.com', '634eae4b0ce8dc7cf6cf35d74506ccd9', 2, '60df14889bfd5.png', 1),
(149, 'SMA IBA PALEMBANG', 'smaibapalembang@gmail.com', 'eb174d03c68d8ca93aab13e2db81f34d', 3, NULL, 1),
(150, 'SMA TELADAN PALEMBANG', 'smateladanplg@gmail.com', '580ade6926542b739f1afbd27d300c21', 2, '60df1e45a0830.png', 1),
(151, 'SMA TELADAN PALEMBANG', 'smateladanplg@gmail.com', '22f41057f4c01be4cd674d560b109d09', 3, NULL, 1),
(152, 'SMA TAMAN SISWA PALEMBANG', 'smatamansiswaplg@gmail.com', '2d3d6966220971afb5390a6856d857f0', 2, '60df2a3092d4a.png', 1),
(153, 'SMA TAMAN SISWA PALEMBANG', 'smatamansiswaplg@gmail.com', 'fa1b104792456aad5a6d33b93dbb0d10', 3, NULL, 1),
(154, 'SMA SRI GUNA PALEMBANG', 'smasrigunaplg@gmail.com', '974a1a7dd5f7c0689fc6de4e58b40150', 2, '60e06482d57b8.png', 1),
(155, 'SMA SRI GUNA PALEMBANG', 'smasrigunaplg@gmail.com', '48247832e859f9b9444585223d1af5cb', 3, NULL, 1),
(156, 'SMA BINA KARYA PLAJU PALEMBANG', 'smp_binakaryaplg@yahoo.com', '239cdb181e154f80f77fd2dd61bb97b7', 2, '60e06e700dcc4.png', 1),
(157, 'SMA BINA KARYA PLAJU PALEMBANG', 'smp_binakaryaplg@yahoo.com', '7bd7196a110c7d2bf2dcc1a69e32d322', 3, NULL, 1),
(158, 'SMA IT IZZUDDIN PALEMBANG', 'info.izzuddin@gmail.com', '5e9b85c821f92ba25ca67b81872689ba', 2, '60e0772f1a625.png', 1),
(159, 'SMA IT IZZUDDIN PALEMBANG', 'info.izzuddin@gmail.com', '9aed6cd9fefb6d8cd9e7632892bcc328', 3, NULL, 1),
(160, 'SMA ASSANADIYAH PALEMBANG', 'info@assanadiyah.sch.id', '473ce9edf87b2bc13dcfa7784f417421', 2, '60e082517a599.png', 1),
(161, 'SMA ASSANADIYAH PALEMBANG', 'info@assanadiyah.sch.id', '71b8c7abfa14abc190affa5c02debe7a', 3, NULL, 1),
(162, 'SMA SJAKHYAKIRTI PALEMBANG', 'sma_sjk32ilir@yahoo.com', '28801158f222befde96521ce114c6d57', 2, '60e11ecc8db11.png', 1),
(163, 'SMA SJAKHYAKIRTI PALEMBANG', 'sma_sjk32ilir@yahoo.com', '07e198858ec68c503d9335f988a62bb9', 3, NULL, 1),
(164, 'SMA PATRA MANDIRI 01 PALEMBANG', 'smapatramandiri1plaju@yahoo.com', '330eae633b3dc330ee52354d601e93fe', 2, '60e123d830832.png', 1),
(165, 'SMA PATRA MANDIRI 01 PALEMBANG', 'smapatramandiri1plaju@yahoo.com', 'aede256c3eee3cda18e55f6c54237e32', 3, NULL, 1),
(166, 'SMA IT AL FURQON PALEMBANG', 'smait.alfurqon@yahoo.co.id', '836abbd02bacd315b98cb7f88d7f82b6', 2, '60e129aeeaa64.png', 1),
(167, 'SMA IT AL FURQON PALEMBANG', 'smaitalfurqonplg@gmail.com', '79e8fde1eda3ce8e841a85b7fabfd2d8', 3, NULL, 1),
(168, 'SMA IT BINA ILMI PALEMBANG', 'smaitbinailmiplg@yahoo.co.id', '71847ce1a6e6b97da2a2ddbbe2dd063f', 2, '60e12d9aac675.png', 1),
(169, 'SMA IT BINA ILMI PALEMBANG', 'smaitbinailmiplg@yahoo.co.id', 'ef5d4b7a8038896e711431e4249bd07e', 3, NULL, 1);

-- --------------------------------------------------------

--
-- Struktur dari tabel `user_weight`
--

CREATE TABLE `user_weight` (
  `id` int(11) NOT NULL,
  `user_id` int(11) DEFAULT NULL,
  `criteria_id` int(11) DEFAULT NULL,
  `importance_scale` int(11) DEFAULT NULL,
  `status` tinyint(4) DEFAULT 1
) ENGINE=InnoDB DEFAULT CHARSET=utf8mb4;

--
-- Dumping data untuk tabel `user_weight`
--

INSERT INTO `user_weight` (`id`, `user_id`, `criteria_id`, `importance_scale`, `status`) VALUES
(5, 10, 11, 5, 1),
(6, 10, 12, 4, 1),
(7, 10, 13, 4, 1),
(8, 10, 14, 3, 1),
(9, 10, 15, 5, 1),
(10, 10, 16, 5, 1),
(11, 10, 17, 4, 1),
(12, 10, 18, 3, 1),
(13, 10, 19, 5, 1),
(23, 16, 11, 4, 1),
(24, 16, 12, 5, 1),
(25, 16, 13, 4, 1),
(26, 16, 14, 4, 1),
(27, 16, 15, 5, 1),
(28, 16, 16, 5, 1),
(29, 16, 17, 4, 1),
(30, 16, 18, 4, 1),
(31, 16, 19, 5, 1);

--
-- Indexes for dumped tables
--

--
-- Indeks untuk tabel `alternative`
--
ALTER TABLE `alternative`
  ADD PRIMARY KEY (`id`);

--
-- Indeks untuk tabel `alternative_accessibility`
--
ALTER TABLE `alternative_accessibility`
  ADD PRIMARY KEY (`id`),
  ADD KEY `alternative_id` (`alternative_id`);

--
-- Indeks untuk tabel `alternative_accessibility_asset`
--
ALTER TABLE `alternative_accessibility_asset`
  ADD PRIMARY KEY (`id`),
  ADD KEY `alternative_id` (`alternative_id`);

--
-- Indeks untuk tabel `alternative_extracurricular`
--
ALTER TABLE `alternative_extracurricular`
  ADD PRIMARY KEY (`id`),
  ADD KEY `alternative_id` (`alternative_id`);

--
-- Indeks untuk tabel `alternative_facility`
--
ALTER TABLE `alternative_facility`
  ADD PRIMARY KEY (`id`),
  ADD KEY `alternative_id` (`alternative_id`);

--
-- Indeks untuk tabel `alternative_location`
--
ALTER TABLE `alternative_location`
  ADD PRIMARY KEY (`id`),
  ADD KEY `alternative_id` (`alternative_id`);

--
-- Indeks untuk tabel `alternative_location_asset`
--
ALTER TABLE `alternative_location_asset`
  ADD PRIMARY KEY (`id`),
  ADD KEY `alternative_id` (`alternative_id`);

--
-- Indeks untuk tabel `alternative_requirement_document_asset`
--
ALTER TABLE `alternative_requirement_document_asset`
  ADD PRIMARY KEY (`id`),
  ADD KEY `alternative_id` (`alternative_id`);

--
-- Indeks untuk tabel `alternative_value`
--
ALTER TABLE `alternative_value`
  ADD PRIMARY KEY (`id`),
  ADD KEY `alternative_value_ibfk_1` (`alternative_id`);

--
-- Indeks untuk tabel `alternative_website`
--
ALTER TABLE `alternative_website`
  ADD PRIMARY KEY (`id`),
  ADD KEY `alternative_id` (`alternative_id`);

--
-- Indeks untuk tabel `criteria`
--
ALTER TABLE `criteria`
  ADD PRIMARY KEY (`id`);

--
-- Indeks untuk tabel `criterion_value`
--
ALTER TABLE `criterion_value`
  ADD PRIMARY KEY (`id`),
  ADD KEY `criteria_id` (`criteria_id`);

--
-- Indeks untuk tabel `help`
--
ALTER TABLE `help`
  ADD PRIMARY KEY (`id`);

--
-- Indeks untuk tabel `users`
--
ALTER TABLE `users`
  ADD PRIMARY KEY (`id`);

--
-- Indeks untuk tabel `user_weight`
--
ALTER TABLE `user_weight`
  ADD PRIMARY KEY (`id`),
  ADD KEY `user_id` (`user_id`),
  ADD KEY `criteria_id` (`criteria_id`);

--
-- AUTO_INCREMENT untuk tabel yang dibuang
--

--
-- AUTO_INCREMENT untuk tabel `alternative`
--
ALTER TABLE `alternative`
  MODIFY `id` int(11) NOT NULL AUTO_INCREMENT, AUTO_INCREMENT=101;

--
-- AUTO_INCREMENT untuk tabel `alternative_accessibility`
--
ALTER TABLE `alternative_accessibility`
  MODIFY `id` int(11) NOT NULL AUTO_INCREMENT, AUTO_INCREMENT=67;

--
-- AUTO_INCREMENT untuk tabel `alternative_accessibility_asset`
--
ALTER TABLE `alternative_accessibility_asset`
  MODIFY `id` int(11) NOT NULL AUTO_INCREMENT, AUTO_INCREMENT=72;

--
-- AUTO_INCREMENT untuk tabel `alternative_extracurricular`
--
ALTER TABLE `alternative_extracurricular`
  MODIFY `id` int(11) NOT NULL AUTO_INCREMENT, AUTO_INCREMENT=609;

--
-- AUTO_INCREMENT untuk tabel `alternative_facility`
--
ALTER TABLE `alternative_facility`
  MODIFY `id` int(11) NOT NULL AUTO_INCREMENT, AUTO_INCREMENT=541;

--
-- AUTO_INCREMENT untuk tabel `alternative_location`
--
ALTER TABLE `alternative_location`
  MODIFY `id` int(11) NOT NULL AUTO_INCREMENT, AUTO_INCREMENT=105;

--
-- AUTO_INCREMENT untuk tabel `alternative_location_asset`
--
ALTER TABLE `alternative_location_asset`
  MODIFY `id` int(11) NOT NULL AUTO_INCREMENT, AUTO_INCREMENT=91;

--
-- AUTO_INCREMENT untuk tabel `alternative_requirement_document_asset`
--
ALTER TABLE `alternative_requirement_document_asset`
  MODIFY `id` int(11) NOT NULL AUTO_INCREMENT, AUTO_INCREMENT=112;

--
-- AUTO_INCREMENT untuk tabel `alternative_value`
--
ALTER TABLE `alternative_value`
  MODIFY `id` int(11) NOT NULL AUTO_INCREMENT, AUTO_INCREMENT=865;

--
-- AUTO_INCREMENT untuk tabel `alternative_website`
--
ALTER TABLE `alternative_website`
  MODIFY `id` int(11) NOT NULL AUTO_INCREMENT, AUTO_INCREMENT=111;

--
-- AUTO_INCREMENT untuk tabel `criteria`
--
ALTER TABLE `criteria`
  MODIFY `id` int(11) NOT NULL AUTO_INCREMENT, AUTO_INCREMENT=20;

--
-- AUTO_INCREMENT untuk tabel `criterion_value`
--
ALTER TABLE `criterion_value`
  MODIFY `id` int(11) NOT NULL AUTO_INCREMENT, AUTO_INCREMENT=44;

--
-- AUTO_INCREMENT untuk tabel `help`
--
ALTER TABLE `help`
  MODIFY `id` int(11) NOT NULL AUTO_INCREMENT, AUTO_INCREMENT=2;

--
-- AUTO_INCREMENT untuk tabel `users`
--
ALTER TABLE `users`
  MODIFY `id` int(11) NOT NULL AUTO_INCREMENT, AUTO_INCREMENT=170;

--
-- AUTO_INCREMENT untuk tabel `user_weight`
--
ALTER TABLE `user_weight`
  MODIFY `id` int(11) NOT NULL AUTO_INCREMENT, AUTO_INCREMENT=32;

--
-- Ketidakleluasaan untuk tabel pelimpahan (Dumped Tables)
--

--
-- Ketidakleluasaan untuk tabel `alternative_accessibility`
--
ALTER TABLE `alternative_accessibility`
  ADD CONSTRAINT `alternative_accessibility_ibfk_1` FOREIGN KEY (`alternative_id`) REFERENCES `alternative` (`id`) ON DELETE CASCADE;

--
-- Ketidakleluasaan untuk tabel `alternative_accessibility_asset`
--
ALTER TABLE `alternative_accessibility_asset`
  ADD CONSTRAINT `alternative_accessibility_asset_ibfk_1` FOREIGN KEY (`alternative_id`) REFERENCES `alternative` (`id`) ON DELETE CASCADE;

--
-- Ketidakleluasaan untuk tabel `alternative_extracurricular`
--
ALTER TABLE `alternative_extracurricular`
  ADD CONSTRAINT `alternative_extracurricular_ibfk_1` FOREIGN KEY (`alternative_id`) REFERENCES `alternative` (`id`) ON DELETE CASCADE;

--
-- Ketidakleluasaan untuk tabel `alternative_facility`
--
ALTER TABLE `alternative_facility`
  ADD CONSTRAINT `alternative_facility_ibfk_1` FOREIGN KEY (`alternative_id`) REFERENCES `alternative` (`id`) ON DELETE CASCADE;

--
-- Ketidakleluasaan untuk tabel `alternative_location`
--
ALTER TABLE `alternative_location`
  ADD CONSTRAINT `alternative_location_ibfk_1` FOREIGN KEY (`alternative_id`) REFERENCES `alternative` (`id`) ON DELETE CASCADE;

--
-- Ketidakleluasaan untuk tabel `alternative_location_asset`
--
ALTER TABLE `alternative_location_asset`
  ADD CONSTRAINT `alternative_location_asset_ibfk_1` FOREIGN KEY (`alternative_id`) REFERENCES `alternative` (`id`) ON DELETE CASCADE;

--
-- Ketidakleluasaan untuk tabel `alternative_requirement_document_asset`
--
ALTER TABLE `alternative_requirement_document_asset`
  ADD CONSTRAINT `alternative_requirement_document_asset_ibfk_1` FOREIGN KEY (`alternative_id`) REFERENCES `alternative` (`id`) ON DELETE CASCADE;

--
-- Ketidakleluasaan untuk tabel `alternative_value`
--
ALTER TABLE `alternative_value`
  ADD CONSTRAINT `alternative_value_ibfk_1` FOREIGN KEY (`alternative_id`) REFERENCES `alternative` (`id`) ON DELETE CASCADE;

--
-- Ketidakleluasaan untuk tabel `alternative_website`
--
ALTER TABLE `alternative_website`
  ADD CONSTRAINT `alternative_website_ibfk_1` FOREIGN KEY (`alternative_id`) REFERENCES `alternative` (`id`) ON DELETE CASCADE;

--
-- Ketidakleluasaan untuk tabel `criterion_value`
--
ALTER TABLE `criterion_value`
  ADD CONSTRAINT `criterion_value_ibfk_1` FOREIGN KEY (`criteria_id`) REFERENCES `criteria` (`id`);

--
-- Ketidakleluasaan untuk tabel `user_weight`
--
ALTER TABLE `user_weight`
  ADD CONSTRAINT `user_weight_ibfk_1` FOREIGN KEY (`user_id`) REFERENCES `users` (`id`),
  ADD CONSTRAINT `user_weight_ibfk_2` FOREIGN KEY (`criteria_id`) REFERENCES `criteria` (`id`);
COMMIT;

/*!40101 SET CHARACTER_SET_CLIENT=@OLD_CHARACTER_SET_CLIENT */;
/*!40101 SET CHARACTER_SET_RESULTS=@OLD_CHARACTER_SET_RESULTS */;
/*!40101 SET COLLATION_CONNECTION=@OLD_COLLATION_CONNECTION */;
